timestamp,sensor1_smoothed,sensor1_bpm,sensor2_smoothed,sensor2_bpm
44:56.7,2412.05,0,1045.95,0
44:56.7,2204.35,0,1004.2,0
44:56.7,2024.65,0,962.7,0
44:56.7,1839.4,0,911.9,0
44:56.7,1668.05,0,837.05,0
44:56.7,1499.6,0,785,0
44:56.7,1322.65,0,733.7,0
44:56.7,1154.9,0,666,0
44:56.7,986.55,0,609.35,0
44:56.7,854.85,0,548,0
44:56.7,736.2,0,509.75,0
44:56.7,620.5,0,455.4,0
44:56.7,522.85,0,407.6,0
44:56.7,431.9,0,352.7,0
44:56.7,367.25,0,300.55,0
44:56.7,278.1,0,242.45,0
44:56.7,190.35,0,186.3,0
44:56.7,98.2,0,132.95,0
44:56.7,-9.55,0,87,0
44:56.7,-128.3,0,32.85,0
44:56.7,-126.7,0,36.4,0
44:56.7,-139.35,0,33.65,0
44:56.7,-137.8,0,60.15,0
44:56.7,-139.45,0,63.6,0
44:56.7,-142.75,0,88.55,0
44:56.7,-150.55,0,93.15,0
44:56.7,-161.4,0,96.5,0
44:56.7,-163.55,0,100.65,0
44:56.7,-177.7,0,100.35,0
44:56.7,-203.5,0,98.4,0
44:56.7,-234.05,0,91.3,0
44:56.7,-263.25,0,73.8,0
44:56.7,-306.35,0,84.8,0
44:56.7,-325.1,0,76.9,0
44:56.7,-345.8,0,72.1,0
44:56.7,-356.05,0,71.85,0
44:56.7,-348.55,0,73.15,0
44:56.7,-347.1,0,87.45,0
44:56.7,-354,0,67.9,0
44:56.7,-348.45,0,76.65,0
44:56.7,-335.25,0,77.25,0
44:56.7,-322.05,0,69.75,0
44:56.7,-310,0,100.7,0
44:56.7,-296.25,0,82.45,0
44:56.7,-277.1,0,86.15,0
44:56.7,-265.35,0,88.85,0
44:56.7,-246.45,0,93.4,0
44:56.7,-217.4,0,96,0
44:56.7,-186.85,0,95.6,0
44:56.7,-171.7,0,96.1,0
44:56.7,-157.3,0,101.9,0
44:56.7,-146.55,0,97.9,0
44:56.7,-142.1,0,94.55,0
44:56.7,-127.45,0,92.8,0
44:56.7,-125.35,0,98.4,0
44:56.7,-121.55,0,103.6,0
44:56.7,-120.15,0,104.7,0
44:56.7,-121.45,0,128.25,0
44:56.7,-112.55,0,113.4,0
44:56.7,-127.65,0,108.15,0
44:56.7,-121.45,0,102.15,0
44:56.7,-122.55,0,96,0
44:56.7,-121.15,0,87.85,0
44:56.7,-129.65,0,78.25,0
44:56.7,-116.85,0,78.75,0
44:56.7,-122.2,0,61.25,0
44:56.7,-109.25,0,51.5,0
44:56.7,-98.35,0,53.8,0
44:56.7,-82.6,0,40.8,0
44:56.7,-67.7,0,39.95,0
44:56.7,-38.4,0,22.45,0
44:56.7,-18.4,0,29.6,0
44:56.7,6.75,0,29.75,0
44:56.7,47.75,0,22.4,0
44:56.7,100.3,0,34.95,0
44:56.7,136.25,0,21.75,0
44:56.7,175.2,0,26.7,0
44:56.7,216.75,0,41.5,0
44:56.7,252.65,0,44.8,0
44:56.7,279,0,38.55,0
44:56.7,302.9,0,46.95,0
44:56.7,322.1,0,43.6,0
44:56.7,335.9,0,55.5,0
44:56.7,344.9,0,64.7,0
44:56.7,335.1,0,54.7,0
44:56.7,317.9,0,58.8,0
44:56.7,290.75,35.29,59.5,0
44:56.7,263.55,35.29,70.85,0
44:56.7,235.6,35.29,58.25,0
44:56.7,192.7,35.29,45.35,0
44:56.7,163.05,35.29,42.7,0
44:56.7,127.6,35.29,53.85,0
44:56.7,118.4,35.29,35,0
44:56.7,97.05,35.29,38.6,0
44:56.7,93.5,35.29,30.3,0
44:56.7,86.3,35.29,32.2,0
44:56.7,107.35,35.29,21.85,0
44:56.7,132.75,35.29,32.65,0
44:56.7,161.2,35.29,33.55,0
44:56.7,172.3,35.29,19.8,0
44:56.7,188.8,35.29,18.55,0
44:56.7,205.6,35.29,23.85,0
44:56.7,205.45,35.29,15.25,0
44:56.7,192.95,35.29,13.35,0
44:56.7,177.4,35.29,5.45,0
44:56.7,156.8,35.29,-10.25,0
44:56.7,142.35,35.29,-6.85,0
44:56.7,114.75,35.29,-10.4,0
44:56.7,110.75,35.29,-2.7,0
44:56.7,76.1,35.29,-32.85,0
44:56.7,56.65,35.29,-26.15,0
44:56.7,35.15,35.29,-18.9,0
44:56.7,18.7,35.29,-9.8,0
44:56.7,6.4,35.29,-14.95,0
44:56.7,-6.85,35.29,-5.75,0
44:56.7,-24.05,35.29,4.3,0
44:56.7,-35,35.29,-9.25,0
44:56.7,-51.1,35.29,7.15,0
44:56.7,-68.95,35.29,9.7,0
44:56.7,-68.3,35.29,15.45,0
44:56.7,-78.25,35.29,25.75,0
44:56.7,-83.9,35.29,17.9,0
44:56.7,-80.55,35.29,21.55,0
44:56.7,-74.05,35.29,39.25,0
44:56.7,-77.1,35.29,37.65,0
44:56.7,-61.95,35.29,41,0
44:56.7,-62.5,35.29,42.35,0
44:56.7,-57.75,35.29,40.45,0
44:56.7,-50.6,35.29,42.7,0
44:56.7,-53.15,35.29,43.15,0
44:56.7,-50.9,35.29,33.2,0
44:56.7,-45.15,35.29,13.4,0
44:56.7,-17.85,35.29,32.9,0
44:56.7,-24.1,35.29,31,0
44:56.7,-14.8,35.29,31.35,0
44:56.7,10.9,35.29,32.95,0
44:56.7,14.3,35.29,26.95,0
44:56.7,24.6,35.29,35.15,0
44:56.7,36.4,35.29,23.85,0
44:56.7,33.3,35.29,18.95,0
44:56.7,33.45,35.29,23.25,0
44:56.7,34.85,35.29,22.05,0
44:56.7,43.5,35.29,13.35,0
44:56.7,30.65,35.29,24.9,0
44:56.7,33,35.29,31.95,0
44:56.7,35.5,35.29,18.85,0
44:56.7,25.95,35.29,28.35,0
44:56.7,34.7,35.29,35.4,0
44:56.7,24.8,35.29,16.55,0
44:56.7,16.7,35.29,20.65,0
44:56.7,11.5,35.29,20.35,0
44:56.8,5.45,35.29,21.95,0
44:56.8,6.4,35.29,17.8,0
44:56.8,6.65,35.29,15.75,0
44:56.8,1.3,35.29,15.8,0
44:56.8,-0.85,35.29,17.9,0
44:56.8,-1.95,35.29,8.3,0
44:56.8,0.25,35.29,3.5,0
44:56.8,-1.85,35.29,3.25,0
44:56.8,5.5,35.29,6.65,0
44:56.8,-3.65,35.29,2.55,0
44:56.8,-6.5,35.29,-1.3,0
44:56.8,-4.85,35.29,1.35,0
44:56.8,-11.4,35.29,-12.6,0
44:56.8,-18.3,35.29,-7.3,0
44:56.8,-11.25,35.29,-0.9,0
44:56.8,-19.1,35.29,1,0
44:56.8,-1.2,35.29,-12.85,0
44:56.8,3.15,35.29,1.7,0
44:56.8,30.8,35.29,-8.9,0
44:56.8,50.25,35.29,3.95,0
44:56.8,98.85,35.29,8.8,0
44:56.8,125.9,35.29,18.05,0
44:56.8,163.75,35.29,17.3,0
44:56.8,178.2,35.29,20.45,0
44:56.8,206.55,35.29,14.1,0
44:56.8,207.2,35.29,16.2,0
44:56.8,196.85,48.48,6.55,0
44:56.8,183.4,48.48,10.7,0
44:56.8,169.4,48.48,12,0
44:56.8,129.35,48.48,15.9,0
44:56.8,96.25,48.48,10.85,0
44:56.8,67.15,48.48,22.35,0
44:56.8,34.85,48.48,15.4,0
44:56.8,2.35,48.48,23.2,0
44:56.8,-21.05,48.48,30.85,0
44:56.8,-51.7,48.48,40,0
44:56.8,-75.55,48.48,35.45,0
44:56.8,-93.5,48.48,46.9,0
44:56.8,-113.1,48.48,39.95,0
44:56.8,-138.3,48.48,49.95,0
44:56.8,-150.95,48.48,45.25,0
44:56.8,-137.3,48.48,56.3,0
44:56.8,-141.65,48.48,48.55,0
44:56.8,-142.2,48.48,48.8,0
44:56.8,-135.4,48.48,50.45,0
44:56.8,-125.7,48.48,56.7,0
44:56.8,-103.3,48.48,46.75,0
44:56.8,-80.4,48.48,50.6,0
44:56.8,-61.85,48.48,48.4,0
44:56.8,-53.55,48.48,52.95,0
44:56.8,-28.15,48.48,46.35,0
44:56.8,-20.65,48.48,49,0
44:56.8,-8.55,48.48,51,0
44:56.8,-7.4,48.48,43.6,0
44:56.8,-2.05,48.48,35.85,0
44:56.8,2.1,48.48,38.35,0
44:56.8,6.25,48.48,39.5,0
44:56.9,-12.2,48.48,32.55,0
44:56.9,-17.15,48.48,38.9,0
44:56.9,-28.7,48.48,35.9,0
44:56.9,-34.7,48.48,37.55,0
44:56.9,-53.2,48.48,18.75,0
44:56.9,-57,48.48,33.8,0
44:56.9,-69.55,48.48,37.65,0
44:56.9,-82.55,48.48,28.1,0
44:56.9,-109.15,48.48,28.9,0
44:56.9,-103.3,48.48,40.65,0
44:57.0,-108.35,48.48,37.8,0
44:57.0,-118.2,48.48,29.35,0
44:57.0,-116.85,48.48,33.05,0
44:57.0,-121.95,48.48,17.35,0
44:57.0,-122.55,48.48,23.6,0
44:57.0,-120.45,48.48,20.3,0
44:57.0,-126.7,48.48,4.6,0
44:57.0,-114.95,48.48,14.15,0
44:57.0,-107.95,48.48,1.6,0
44:57.0,-85.45,48.48,8.9,0
44:57.1,-85.5,48.48,-2.45,0
44:57.1,-88.25,48.48,0.55,0
44:57.1,-87.2,48.48,-8,0
44:57.1,-83.2,48.48,-2.55,0
44:57.1,-75.2,48.48,-14.35,0
44:57.1,-64.6,48.48,-7.55,0
44:57.1,-58.65,48.48,-15.9,0
44:57.1,-63.85,48.48,-8.9,0
44:57.1,-62.35,48.48,-3.95,0
44:57.1,-65.3,48.48,-5.1,0
44:57.2,-66.4,48.48,-0.4,0
44:57.2,-64.15,48.48,-6.6,0
44:57.2,-57.25,48.48,-6.4,0
44:57.2,-40.65,48.48,-14.4,0
44:57.2,-18.5,48.48,-7.25,0
44:57.2,4.2,48.48,5.25,0
44:57.2,37.35,48.48,6,0
44:57.2,66,48.48,17.75,0
44:57.2,110,48.48,24.55,0
44:57.2,156.9,48.48,22.85,0
44:57.3,188.25,48.48,24.5,0
44:57.3,212.15,48.48,31.9,0
44:57.3,219.55,64.92,31.8,0
44:57.3,223.7,64.92,22.4,0
44:57.3,218.3,64.92,24.25,0
44:57.3,215.35,64.92,27.2,0
44:57.3,194.55,64.92,17.1,0
44:57.3,184.75,64.92,20.1,0
44:57.3,152.5,64.92,10.75,0
44:57.3,144.3,64.92,15,0
44:57.4,125.75,64.92,22,0
44:57.4,101.35,64.92,10.15,0
44:57.4,77.35,64.92,16.8,0
44:57.4,71.4,64.92,24.45,0
44:57.4,57.3,64.92,20.45,0
44:57.4,41.3,64.92,27.55,0
44:57.4,24.2,64.92,9.5,0
44:57.4,-2.55,64.92,20.4,0
44:57.4,-24.15,64.92,21.55,0
44:57.4,-30,64.92,33.9,0
44:57.5,-48,64.92,43.75,0
44:57.5,-62.45,64.92,22.05,0
44:57.5,-60.85,64.92,30.9,0
44:57.5,-67.8,64.92,23.6,0
44:57.5,-57.6,64.92,26.25,0
44:57.5,-56.6,64.92,24.15,0
44:57.5,-43.35,64.92,23.55,0
44:57.5,-37.85,64.92,30.7,0
44:57.5,-19,64.92,16.05,0
44:57.5,-10.05,64.92,27,0
44:57.6,-14.8,64.92,29.15,0
44:57.6,-5.3,64.92,38.15,0
44:57.6,1.55,64.92,32.7,0
44:57.6,-6.55,64.92,25.05,0
44:57.6,-4.55,64.92,28.05,0
44:57.6,-2.6,64.92,21.75,0
44:57.6,-12.25,64.92,12.95,0
44:57.6,-4.05,64.92,12.7,0
44:57.6,-9.25,64.92,1.1,0
44:57.6,-0.9,64.92,1.2,0
44:57.7,-7.05,64.92,-6.65,0
44:57.7,-3.2,64.92,-13.2,0
44:57.7,-7.2,64.92,-10.35,0
44:57.7,-6.8,64.92,-13.6,0
44:57.7,-2.35,64.92,-23.1,0
44:57.7,-9.75,64.92,-29.25,0
44:57.7,-5.9,64.92,-21.65,0
44:57.7,-14.55,64.92,-34.8,0
44:57.7,-8.65,64.92,-30.7,0
44:57.7,-6.5,64.92,-36.5,0
44:57.8,-1.95,64.92,-33.1,0
44:57.8,9.4,64.92,-39.55,0
44:57.8,6.2,64.92,-36.1,0
44:57.8,4.55,64.92,-35.75,0
44:57.8,17.2,64.92,-42.55,0
44:57.8,19.65,64.92,-47.1,0
44:57.8,19.4,64.92,-46.75,0
44:57.8,16.55,64.92,-38.5,0
44:57.8,14.4,64.92,-40.45,0
44:57.8,22.15,64.92,-37.3,0
44:57.9,15.8,64.92,-43.05,0
44:57.9,6.1,64.92,-41,0
44:57.9,8.05,64.92,-40.6,0
44:57.9,7.05,64.92,-31.6,0
44:57.9,19.6,64.92,-43.3,0
44:57.9,21.6,64.92,-38.4,0
44:57.9,18.85,64.92,-30.35,0
44:57.9,25.2,64.92,-18.5,0
44:57.9,38.95,64.92,-24.05,0
44:57.9,66.15,64.92,-22.9,0
44:58.0,91.95,64.92,-11.15,0
44:58.0,126.2,64.92,-6.05,0
44:58.0,162.9,64.92,-3.95,0
44:58.0,181,64.92,-2.95,0
44:58.0,207.75,64.92,0.4,0
44:58.0,217.45,64.92,-3.45,0
44:58.0,211.75,81.14,-12.95,0
44:58.0,211.2,81.14,-17.9,0
44:58.0,197.5,81.14,-12.35,0
44:58.0,184.15,81.14,-22.25,0
44:58.1,156.2,81.14,-26.35,0
44:58.1,120.85,81.14,-22.65,0
44:58.1,100.95,81.14,-26.85,0
44:58.1,76.6,81.14,-28.6,0
44:58.1,63,81.14,-9.1,0
44:58.1,35.4,81.14,-24.7,0
44:58.1,0,81.14,-18.35,0
44:58.1,-14.7,81.14,-15.6,0
44:58.1,-20.7,81.14,-14.3,0
44:58.1,-31.9,81.14,0.2,0
44:58.2,-34.65,81.14,-1.7,0
44:58.2,-27.85,81.14,-11.85,0
44:58.2,-37.3,81.14,2.35,0
44:58.2,-37.25,81.14,-7.9,0
44:58.2,-35.2,81.14,12.95,0
44:58.2,-27.2,81.14,0.25,0
44:58.2,-18.05,81.14,6.7,0
44:58.2,-24.6,81.14,12.5,0
44:58.2,-21,81.14,12.5,0
44:58.2,-17.25,81.14,24.25,0
44:58.3,-3.65,81.14,13.2,0
44:58.3,-5.85,81.14,17.95,0
44:58.3,-12.85,81.14,15.45,0
44:58.3,-10.4,81.14,19.45,0
44:58.3,-8,81.14,14.6,0
44:58.3,-12.1,81.14,6.25,0
44:58.3,-24.75,81.14,3.25,0
44:58.3,-27.45,81.14,1.35,0
44:58.3,-34.55,81.14,-3.35,0
44:58.3,-31.9,81.14,-2.4,0
44:58.4,-31.05,81.14,-0.7,0
44:58.4,-36.25,81.14,-9.2,0
44:58.4,-42.4,81.14,-3.35,0
44:58.4,-48.1,81.14,-10.75,0
44:58.4,-44.8,81.14,-2.55,0
44:58.4,-44.1,81.14,-10.65,0
44:58.4,-45.8,81.14,-16.15,0
44:58.4,-40.15,81.14,-8.7,0
44:58.4,-39.4,81.14,-21.55,0
44:58.4,-32.85,81.14,-9.3,0
44:58.5,-34.5,81.14,-24.7,0
44:58.5,-32.3,81.14,-22.8,0
44:58.5,-31.45,81.14,-22.85,0
44:58.5,-14.3,81.14,-18.7,0
44:58.5,-17.8,81.14,-28.15,0
44:58.5,-12.7,81.14,-28.8,0
44:58.5,-17.9,81.14,-26.55,0
44:58.5,-7.7,81.14,-33.85,0
44:58.5,-10.7,81.14,-28.5,0
44:58.5,-4.85,81.14,-30.85,0
44:58.6,-10.65,81.14,-22.4,0
44:58.6,-7.9,81.14,-25.1,0
44:58.6,-6.6,81.14,-18.7,0
44:58.6,-15.25,81.14,-16.65,0
44:58.6,-10.1,81.14,-11.35,0
44:58.6,-18.6,81.14,-5.65,0
44:58.6,-25.95,81.14,-6.15,0
44:58.6,-33.7,81.14,-3.35,0
44:58.6,-28.75,81.14,-1.3,0
44:58.6,-25.7,81.14,-3.5,0
44:58.7,-19.2,81.14,3.15,0
44:58.7,-0.7,81.14,2.85,0
44:58.7,22.45,81.14,8.2,0
44:58.7,47,81.14,6.75,0
44:58.7,80.35,81.14,14.3,0
44:58.7,123.35,81.14,17.5,0
44:58.7,151.15,81.14,17.65,0
44:58.7,192.75,81.14,5.85,0
44:58.7,212.5,81.14,7.1,0
44:58.7,229.9,97.57,4.2,0
44:58.8,236.8,97.57,-3.05,0
44:58.8,222.7,97.57,-4.5,0
44:58.8,200.95,97.57,-19.95,0
44:58.8,175.25,97.57,-18.45,0
44:58.8,151.25,97.57,-13.05,0
44:58.8,113.95,97.57,-14.35,0
44:58.8,79.3,97.57,-21.35,0
44:58.8,45.25,97.57,-24.1,0
44:58.8,17.2,97.57,-28.5,0
44:58.8,6.2,97.57,-17.6,0
44:58.9,-13.1,97.57,-9.75,0
44:58.9,-31.05,97.57,-11.8,0
44:58.9,-52.1,97.57,-3,0
44:58.9,-72.1,97.57,4.35,0
44:58.9,-63.85,97.57,-1.55,0
44:58.9,-82.25,97.57,7.35,0
44:58.9,-91.3,97.57,-4.05,0
44:58.9,-97.2,97.57,1.75,0
44:58.9,-100,97.57,-4,0
44:58.9,-87.45,97.57,-0.95,0
44:59.0,-82.55,97.57,0.7,0
44:59.0,-84,97.57,5.1,0
44:59.0,-73.8,97.57,1.85,0
44:59.0,-62.25,97.57,-2.15,0
44:59.0,-55.1,97.57,6.65,0
44:59.0,-45.25,97.57,3.5,0
44:59.0,-47.05,97.57,0.1,0
44:59.0,-32.4,97.57,7.1,0
44:59.0,-28.55,97.57,-3.7,0
44:59.0,-27.5,97.57,-4.95,0
44:59.1,-28.6,97.57,-3.9,0
44:59.1,-19.4,97.57,0.75,0
44:59.1,-30.15,97.57,-4.9,0
44:59.1,-31.4,97.57,-0.4,0
44:59.1,-34.65,97.57,-2.15,0
44:59.1,-43.15,97.57,-1.5,0
44:59.1,-44.9,97.57,-11,0
44:59.1,-51.65,97.57,-2.65,0
44:59.1,-50.75,97.57,-1.7,0
44:59.1,-42.85,97.57,-4.5,0
44:59.2,-45.85,97.57,10,0
44:59.2,-47.2,97.57,13.5,0
44:59.2,-42.6,97.57,5.25,0
44:59.2,-41.75,97.57,12.4,0
44:59.2,-38,97.57,6.3,0
44:59.2,-36.05,97.57,9.85,0
44:59.2,-45.85,97.57,11.15,0
44:59.2,-28.85,97.57,0.4,0
44:59.2,-11.6,97.57,-5.55,0
44:59.2,-15.2,97.57,4.9,0
44:59.3,-6.4,97.57,-0.35,0
44:59.3,-1.45,97.57,-5.1,0
44:59.3,1.7,97.57,-8,0
44:59.3,8.35,97.57,-3.9,0
44:59.3,14.35,97.57,-11.5,0
44:59.3,19.45,97.57,-8.25,0
44:59.3,16.4,97.57,-12.3,0
44:59.3,11.05,97.57,-13.85,0
44:59.3,19.1,97.57,-7.65,0
44:59.3,7.9,97.57,-9.5,0
44:59.4,-1.2,97.57,-4.8,0
44:59.4,0.35,97.57,-15.3,0
44:59.4,-5.75,97.57,-26.55,0
44:59.4,-3.15,97.57,-15.85,0
44:59.4,7.85,97.57,-7.8,0
44:59.4,33.35,97.57,-13.2,0
44:59.4,58.65,97.57,-11.5,0
44:59.4,96.4,97.57,-6.55,0
44:59.4,126.95,97.57,1.7,0
44:59.4,161.9,97.57,5.35,0
44:59.5,191.1,97.57,3.85,0
44:59.5,215.5,97.57,7.9,0
44:59.5,227.6,97.57,4,0
44:59.5,233.85,78.5,6.2,0
44:59.5,218.35,78.5,14.55,0
44:59.5,205,78.5,10.25,0
44:59.5,187.6,78.5,4.05,0
44:59.5,166.25,78.5,4.7,0
44:59.5,138.05,78.5,6.55,0
44:59.5,127.1,78.5,7.25,0
44:59.6,105.05,78.5,9.05,0
44:59.6,76.8,78.5,5.4,0
44:59.6,67,78.5,4.1,0
44:59.6,45.7,78.5,-7.2,0
44:59.6,38.65,78.5,4.25,0
44:59.6,24.1,78.5,3.35,0
44:59.6,6.4,78.5,-3.25,0
44:59.6,-5.9,78.5,1.1,0
44:59.6,-23.7,78.5,1.8,0
44:59.6,-32.95,78.5,-2.15,0
44:59.7,-33.2,78.5,3.5,0
44:59.7,-52.5,78.5,-0.45,0
44:59.7,-61.8,78.5,-0.6,0
44:59.7,-57,78.5,4.1,0
44:59.7,-55.05,78.5,5.2,0
44:59.7,-52.85,78.5,0.35,0
44:59.7,-50.6,78.5,4.95,0
44:59.7,-53.25,78.5,-0.15,0
44:59.7,-47.65,78.5,-8.7,0
44:59.7,-26.7,78.5,-2.5,0
44:59.8,-24.05,78.5,-10.75,0
44:59.8,-23.95,78.5,-15.85,0
44:59.8,-32.95,78.5,-23.5,0
44:59.8,-28.35,78.5,-27.45,0
44:59.8,-24.4,78.5,-32.45,0
44:59.8,-28.15,78.5,-24.75,0
44:59.8,-24.25,78.5,-25.25,0
44:59.8,-26.25,78.5,-32.05,0
44:59.8,-27.6,78.5,-21.25,0
44:59.8,-22.35,78.5,-22.5,0
44:59.9,-27.6,78.5,-11.9,0
44:59.9,-28.7,78.5,-15.25,0
44:59.9,-36.9,78.5,-11.7,0
44:59.9,-23.65,78.5,-8.95,0
44:59.9,-23.45,78.5,4.25,0
44:59.9,-30.9,78.5,2.35,0
44:59.9,-24.7,78.5,-0.1,0
44:59.9,-30.5,78.5,6.9,0
44:59.9,-29.2,78.5,-1.1,0
44:59.9,-27,78.5,10.65,0
45:00.0,-25.75,78.5,18.55,0
45:00.0,-27.4,78.5,26.7,0
45:00.0,-19,78.5,14.95,0
45:00.0,-13.7,78.5,13.95,0
45:00.0,-9.5,78.5,15.45,0
45:00.0,-6.75,78.5,24.7,0
45:00.0,-2.15,78.5,20.95,0
45:00.0,-8.45,78.5,12.1,0
45:00.0,-3.2,78.5,10.7,0
45:00.0,-4.7,78.5,15.8,0
45:00.1,-2.7,78.5,4.85,0
45:00.1,-13.3,78.5,8.4,0
45:00.1,-7.7,78.5,9.9,0
45:00.1,-12.25,78.5,1.8,0
45:00.1,-4.25,78.5,-4.4,0
45:00.1,-0.9,78.5,-0.95,0
45:00.1,3.45,78.5,-8.35,0
45:00.1,28.1,78.5,0.1,0
45:00.1,44.75,78.5,-0.9,0
45:00.1,85.1,78.5,6.25,0
45:00.2,113.6,78.5,17.2,0
45:00.2,146.75,78.5,27.05,0
45:00.2,162.9,78.5,30.1,0
45:00.2,178.85,78.5,12.95,0
45:00.2,186.9,78.5,22.4,0
45:00.2,185.45,81.98,6.2,0
45:00.2,168.4,81.98,0.2,0
45:00.2,151.2,81.98,-16.3,0
45:00.2,131.6,81.98,-26.25,0
45:00.2,106.55,81.98,-22,0
45:00.3,98.4,81.98,-38.35,0
45:00.3,72.4,81.98,-26,0
45:00.3,46.45,81.98,-39.7,0
45:00.3,34.3,81.98,-46.3,0
45:00.3,25.45,81.98,-42.3,0
45:00.3,11.95,81.98,-33.45,0
45:00.3,-8.75,81.98,-36.7,0
45:00.3,-15.2,81.98,-45.9,0
45:00.3,-33.1,81.98,-42.15,0
45:00.3,-41.5,81.98,-44.7,0
45:00.4,-38.4,81.98,-34.95,0
45:00.4,-45.8,81.98,-33.5,0
45:00.4,-45.8,81.98,-27.85,0
45:00.4,-50.05,81.98,-28.75,0
45:00.4,-51.95,81.98,-23.15,0
45:00.4,-52.95,81.98,-7,0
45:00.4,-62.4,81.98,-32.65,0
45:00.4,-60.85,81.98,-12.05,0
45:00.4,-63.25,81.98,-6.2,0
45:00.4,-35.5,81.98,-6.1,0
45:00.5,-55.3,81.98,-2.05,0
45:00.5,-54.6,81.98,-0.45,0
45:00.5,-50.65,81.98,-5.35,0
45:00.5,-47.7,81.98,3.85,0
45:00.5,-50.3,81.98,3.2,0
45:00.5,-38.45,81.98,7.7,0
45:00.5,-49.4,81.98,2.25,0
45:00.5,-47.15,81.98,1.25,0
45:00.5,-47.25,81.98,7.95,0
45:00.5,-56.85,81.98,-8.8,0
45:00.6,-57.85,81.98,-9.2,0
45:00.6,-50.35,81.98,-14.45,0
45:00.6,-62.05,81.98,-18.4,0
45:00.6,-59.95,81.98,-15.7,0
45:00.6,-58.95,81.98,-23.5,0
45:00.6,-67.55,81.98,-8.35,0
45:00.6,-61.95,81.98,-19.15,0
45:00.6,-62.3,81.98,-21.85,0
45:00.6,-62.8,81.98,-24.15,0
45:00.6,-58.05,81.98,-19.7,0
45:00.7,-74.45,81.98,-18.1,0
45:00.7,-70,81.98,-19.35,0
45:00.7,-58.85,81.98,-12.2,0
45:00.7,-58.5,81.98,-15.35,0
45:00.7,-68.7,81.98,-11.65,0
45:00.7,-64.4,81.98,-9.75,0
45:00.7,-53.15,81.98,-9.1,0
45:00.7,-55.6,81.98,-7.5,0
45:00.7,-42.65,81.98,2.05,0
45:00.7,-50.75,81.98,-5.8,0
45:00.8,-47.1,81.98,-10.4,0
45:00.8,-49.9,81.98,-7.4,0
45:00.8,-54.1,81.98,-11.4,0
45:00.8,-42.8,81.98,0.15,0
45:00.8,-39.65,81.98,-13.05,0
45:00.8,-40.95,81.98,-4.9,0
45:00.8,-34.35,81.98,-0.5,0
45:00.8,-18.65,81.98,1.6,0
45:00.8,-3.85,81.98,-7.05,0
45:00.8,26.4,81.98,-1.8,0
45:00.9,59.75,81.98,4.15,0
45:00.9,94.1,81.98,8.7,0
45:00.9,126.8,81.98,1.9,0
45:00.9,155.4,81.98,9.45,0
45:00.9,169,81.98,2.45,0
45:00.9,181.3,81.98,-0.4,0
45:00.9,174.65,82.44,2.55,0
45:00.9,164.5,82.44,2.5,0
45:00.9,152.75,82.44,2.85,0
45:00.9,131.8,82.44,3.7,0
45:01.0,113.15,82.44,2.3,0
45:01.0,88.75,82.44,0.1,0
45:01.0,67.4,82.44,12,0
45:01.0,46.9,82.44,11.45,0
45:01.0,23.05,82.44,9.25,0
45:01.0,12,82.44,29.3,0
45:01.0,-11.2,82.44,33.25,0
45:01.0,-12.15,82.44,22.75,0
45:01.0,-37.55,82.44,30.3,0
45:01.0,-48.2,82.44,20.5,0
45:01.1,-60.6,82.44,20.9,0
45:01.1,-62.05,82.44,33.8,0
45:01.1,-59.65,82.44,38,0
45:01.1,-58.35,82.44,44.15,0
45:01.1,-54.85,82.44,50.45,0
45:01.1,-49.2,82.44,54.2,0
45:01.1,-42.4,82.44,41.55,0
45:01.1,-25.15,82.44,58.8,0
45:01.1,-17.1,82.44,55,0
45:01.1,-9.7,82.44,51.2,0
45:01.2,-5.7,82.44,57.75,0
45:01.2,-1.45,82.44,45.55,0
45:01.2,1.25,82.44,38.15,0
45:01.2,13.85,82.44,36.6,0
45:01.2,10.9,82.44,28.2,0
45:01.2,12.8,82.44,28.7,0
45:01.2,14.85,82.44,26.45,0
45:01.2,21.9,82.44,31.3,0
45:01.2,28.6,82.44,27.65,0
45:01.2,27.95,82.44,28.35,0
45:01.3,30.55,82.44,25.1,0
45:01.3,27.15,82.44,35.85,0
45:01.3,29.55,82.44,30.05,0
45:01.3,24.95,82.44,36.2,0
45:01.3,29.9,82.44,30,0
45:01.3,21.15,82.44,35.75,0
45:01.3,21.3,82.44,32.05,0
45:01.3,16.2,82.44,24.7,0
45:01.3,21.85,82.44,19.55,0
45:01.3,11.1,82.44,21.25,0
45:01.4,7.45,82.44,11.95,0
45:01.4,3.95,82.44,31.2,0
45:01.4,-5.15,82.44,15,0
45:01.4,0,82.44,12,0
45:01.4,3.7,82.44,18.35,0
45:01.4,0.55,82.44,17.8,0
45:01.4,-5.25,82.44,16.25,0
45:01.4,-0.95,82.44,19.85,0
45:01.4,-4.1,82.44,20.3,0
45:01.4,-7.05,82.44,19.9,0
45:01.5,-6.75,82.44,10.9,0
45:01.5,-19.8,82.44,11.55,0
45:01.5,-11.95,82.44,7.25,0
45:01.5,-2.65,82.44,7.4,0
45:01.5,14.2,82.44,3.55,0
45:01.5,30.85,82.44,-8.25,0
45:01.5,45.8,82.44,-6.15,0
45:01.5,70.2,82.44,-16.75,0
45:01.5,113.55,82.44,-7.95,0
45:01.5,168.25,82.44,-7.95,0
45:01.6,237.7,82.44,-15.95,0
45:01.6,327.6,82.44,-26.25,0
45:01.6,460.1,82.44,-14.8,0
45:01.6,584.9,84.13,-7.75,0
45:01.6,737.1,84.13,-19.6,0
45:01.6,894.55,84.13,-36.4,0
45:01.6,1043.95,84.13,-45.55,0
45:01.6,1157.15,84.13,-54.75,0
45:01.6,1280.7,84.13,-78.35,0
45:01.6,1382.2,84.13,-92.8,0
45:01.7,1384.5,84.13,-105.6,0
45:01.7,1282.1,84.13,-136.3,0
45:01.7,1180.05,84.13,-162.3,0
45:01.7,1078.45,84.13,-181.65,0
45:01.7,977.7,84.13,-212.85,0
45:01.7,877.85,84.13,-223.35,0
45:01.7,778.85,84.13,-243.85,0
45:01.7,681.25,84.13,-238.3,0
45:01.7,586.1,84.13,-232.65,0
45:01.7,494.15,84.13,-214,0
45:01.8,406.35,84.13,-189.1,0
45:01.8,324,84.13,-154.7,0
45:01.8,249.65,84.13,-106.4,0
45:01.8,183.3,84.13,-72.7,0
45:01.8,126.8,84.13,-14.95,0
45:01.8,80.95,84.13,16.75,0
45:01.8,45.9,84.13,45.8,0
45:01.8,20.3,84.13,59.85,0
45:01.8,5.2,84.13,74.95,0
45:01.8,0,84.13,93.25,0
45:01.9,0,84.13,87,0
45:01.9,0,84.13,96.3,0
45:01.9,0,84.13,83.35,0
45:01.9,0,84.13,89.35,0
45:01.9,0,84.13,79.3,0
45:01.9,0,84.13,48.25,0
45:01.9,0,84.13,41.3,0
45:01.9,0,84.13,-9,0
45:01.9,0,84.13,-91.9,0
45:01.9,0,84.13,-189.75,0
45:02.0,0,84.13,-362.95,0
45:02.0,0,84.13,-568.7,0
45:02.0,0,84.13,-785.95,0
45:02.0,0,84.13,-964.7,0
45:02.0,0,84.13,-1122.95,0
45:02.0,0,84.13,-1215.7,0
45:02.0,-58.9,84.13,-1274.3,0
45:02.0,-182.15,84.13,-1262.75,0
45:02.0,-255.05,84.13,-1174.7,0
45:02.0,-311.25,84.13,-1085.9,0
45:02.1,-337.15,84.13,-997.55,0
45:02.1,-375,84.13,-908.75,0
45:02.1,-433.55,84.13,-820.55,0
45:02.1,-530.55,84.13,-731.9,0
45:02.1,-739.75,84.13,-643.5,0
45:02.1,-1064.4,84.13,-556.4,0
45:02.1,-1445.5,84.13,-469.3,0
45:02.1,-1833.45,84.13,-384.45,0
45:02.1,-2176.3,84.13,-303.65,0
45:02.1,-2451.35,84.13,-227.9,0
45:02.2,-2618.15,84.13,-161.45,0
45:02.2,-2684.1,84.13,-106.55,0
45:02.2,-2690.65,84.13,-64.5,35.29
45:02.2,-2551.9,84.13,-34,35.29
45:02.2,-2347.15,84.13,-14.7,35.29
45:02.2,-2142.4,84.13,-3.8,35.29
45:02.2,-1940.75,84.13,0,35.29
45:02.2,-1745.75,84.13,0,35.29
45:02.2,-1555.1,84.13,0,35.29
45:02.2,-1368.15,84.13,0,35.29
45:02.3,-1183.5,84.13,0,35.29
45:02.3,-1001.9,85.34,0,35.29
45:02.3,-824.6,85.34,0,35.29
45:02.3,-653.85,85.34,0,35.29
45:02.3,-495.9,85.34,0,35.29
45:02.3,-357.5,85.34,0,35.29
45:02.3,-242.65,85.34,0,35.29
45:02.3,-152.95,85.34,0,35.29
45:02.3,-87.35,85.34,0,35.29
45:02.3,-43.55,85.34,0,35.29
45:02.4,-17,85.34,0,35.29
45:02.4,-3.3,85.34,0,35.29
45:02.4,0,85.34,0,35.29
45:02.4,0,85.34,0,35.29
45:02.4,0,85.34,0,35.29
45:02.4,0,85.34,0,35.29
45:02.4,0,85.34,0,35.29
45:02.4,0,85.34,0,35.29
45:02.4,0,85.34,0,35.29
45:02.4,0,85.34,0,35.29
45:02.5,0,85.34,0,35.29
45:02.5,0,85.34,0,35.29
45:02.5,0,85.34,0,35.29
45:02.5,0,85.34,0,35.29
45:02.5,0,85.34,0,35.29
45:02.5,0,85.34,0,35.29
45:02.5,0,85.34,0,35.29
45:02.5,0,85.34,0,35.29
45:02.5,0,85.34,0,35.29
45:02.5,0,85.34,0,35.29
45:02.6,0,85.34,0,35.29
45:02.6,0,85.34,0,35.29
45:02.6,0,85.34,0,35.29
45:02.6,0,85.34,0,35.29
45:02.6,0,85.34,20.9,35.29
45:02.6,0,85.34,180.35,35.29
45:02.6,0,85.34,358.9,35.29
45:02.6,0,85.34,578.85,35.29
45:02.6,0,85.34,840.35,35.29
45:02.6,0,85.34,1205.15,35.29
45:02.7,0,85.34,1596.7,60.29
45:02.7,0,85.34,1977.3,60.29
45:02.7,0,85.34,2283.55,60.29
45:02.7,0,85.34,2523.75,60.29
45:02.7,0,85.34,2732.5,60.29
45:02.7,0,85.34,2883.8,60.29
45:02.7,0,85.34,2820.05,60.29
45:02.7,0,85.34,2615.3,60.29
45:02.7,0,85.34,2410.55,60.29
45:02.7,0,85.34,2205.8,60.29
45:02.8,0,85.34,2001.05,60.29
45:02.8,0,85.34,1796.3,60.29
45:02.8,0,85.34,1591.55,60.29
45:02.8,0,85.34,1386.8,60.29
45:02.8,0,85.34,1183.15,60.29
45:02.8,0,85.34,987.95,60.29
45:02.8,0,85.34,802.65,60.29
45:02.8,0,85.34,629.95,60.29
45:02.8,0,85.34,472.7,60.29
45:02.8,0,85.34,337.15,60.29
45:02.9,0,85.34,225.85,60.29
45:02.9,0,85.34,79.65,60.29
45:02.9,0,85.34,-116.1,60.29
45:02.9,0,85.34,-317.95,60.29
45:02.9,0,85.34,-425,60.29
45:02.9,0,85.34,-474.1,60.29
45:02.9,0,85.34,-460.4,60.29
45:02.9,0,85.34,-387.05,60.29
45:02.9,0,85.34,-247.65,60.29
45:02.9,0,85.34,-121.8,60.29
45:03.0,0,85.34,30.8,60.29
45:03.0,0,85.34,165.7,60.29
45:03.0,0,85.34,183.7,60.29
45:03.0,0,85.34,183.7,60.29
45:03.0,0,85.34,183.7,60.29
45:03.0,0,85.34,183.7,94.58
45:03.0,0,85.34,183.7,94.58
45:03.0,0,85.34,183.7,94.58
45:03.0,0,85.34,183.7,94.58
45:03.0,0,85.34,183.7,94.58
45:03.1,0,85.34,183.7,94.58
45:03.1,0,85.34,180.55,94.58
45:03.1,0,85.34,170.3,94.58
45:03.1,0,85.34,151.2,94.58
45:03.1,0,85.34,126.75,94.58
45:03.1,0,85.34,98.8,94.58
45:03.1,0,85.34,70.1,94.58
45:03.1,0,85.34,43.75,94.58
45:03.1,0,85.34,23.35,94.58
45:03.1,0,85.34,8.5,94.58
45:03.2,0,85.34,0.9,94.58
45:03.2,0,85.34,0,94.58
45:03.2,0,85.34,0,94.58
45:03.2,0,85.34,0,94.58
45:03.2,0,85.34,0,94.58
45:03.2,0,85.34,-44.65,94.58
45:03.2,0,85.34,-152.5,94.58
45:03.2,0,85.34,-216.55,94.58
45:03.2,0,85.34,-235.95,94.58
45:03.2,0,85.34,-222.35,94.58
45:03.3,0,85.34,-162.2,94.58
45:03.3,0,85.34,-111.15,94.58
45:03.3,0,85.34,-8.05,94.58
45:03.3,0,85.34,66.35,94.58
45:03.3,0,85.34,74.35,94.58
45:03.3,0,85.34,74.35,94.58
45:03.3,0,85.34,74.35,94.58
45:03.3,0,85.34,74.35,94.58
45:03.3,0,85.34,74.35,94.58
45:03.3,0,85.34,74.35,129.87
45:03.4,0,85.34,74.35,129.87
45:03.4,48.45,85.34,74.35,129.87
45:03.4,164.65,85.34,74.35,129.87
45:03.4,304.05,85.34,74.35,129.87
45:03.4,448,85.34,74.35,129.87
45:03.4,661.4,85.34,72,129.87
45:03.4,880.3,85.34,63.85,129.87
45:03.4,1134.15,79.47,51.9,129.87
45:03.4,1378.6,79.47,38.3,129.87
45:03.4,1579.1,79.47,24.7,129.87
45:03.5,1752.3,79.47,13.55,129.87
45:03.5,1885.55,79.47,4.5,129.87
45:03.5,2003,79.47,0.4,129.87
45:03.5,2089.6,79.47,0,129.87
45:03.5,2155.8,79.47,0,129.87
45:03.5,2208.7,79.47,0,129.87
45:03.5,2238.9,79.47,0,129.87
45:03.5,2256.5,79.47,0,129.87
45:03.5,2232.15,79.47,0,129.87
45:03.5,2055.4,79.47,0,129.87
45:03.6,1850.65,79.47,0,129.87
45:03.6,1648.45,79.47,0,129.87
45:03.6,1452.5,79.47,0,129.87
45:03.6,1264.35,79.47,-168.15,129.87
45:03.6,1084.65,79.47,-517.45,129.87
45:03.6,917.5,79.47,-919.15,129.87
45:03.6,568.15,79.47,-1376.15,129.87
45:03.6,39.95,79.47,-1816.9,129.87
45:03.6,-516.3,79.47,-2238.95,129.87
45:03.6,-1083.4,79.47,-2563,129.87
45:03.7,-1612.8,79.47,-2777.55,129.87
45:03.7,-2085.7,79.47,-2889.95,129.87
45:03.7,-2462.25,79.47,-2917.85,129.87
45:03.7,-2708.4,79.47,-2766.1,129.87
45:03.7,-2829.6,79.47,-2561.35,129.87
45:03.7,-2872.75,79.47,-2356.6,129.87
45:03.7,-2713.95,79.47,-2151.85,129.87
45:03.7,-2519.55,79.47,-1947.1,129.87
45:03.7,-2316.2,79.47,-1742.35,129.87
45:03.7,-2111.45,79.47,-1537.6,129.87
45:03.8,-1906.7,79.47,-1332.85,129.87
45:03.8,-1701.95,79.47,-1128.1,129.87
45:03.8,-1497.2,79.47,-923.35,157.78
45:03.8,-1292.45,79.47,-727.45,157.78
45:03.8,-1087.7,79.47,-550.4,157.78
45:03.8,-882.95,94.38,-395.95,157.78
45:03.8,-688.5,94.38,-268.2,157.78
45:03.8,-515.15,94.38,-167.7,157.78
45:03.8,-366.35,94.38,-94.9,157.78
45:03.8,-244.75,94.38,-46.1,157.78
45:03.9,-150.55,94.38,-16.8,157.78
45:03.9,-82.9,94.38,-2.65,157.78
45:03.9,-38.8,94.38,0,157.78
45:03.9,-13.25,94.38,0,157.78
45:03.9,-1.25,94.38,0,157.78
45:03.9,0,94.38,0,157.78
45:03.9,0,94.38,0,157.78
45:03.9,0,94.38,0,157.78
45:03.9,0,94.38,0,157.78
45:03.9,0,94.38,0,157.78
45:04.0,0,94.38,0,157.78
45:04.0,0,94.38,0,157.78
45:04.0,0,94.38,0,157.78
45:04.0,0,94.38,0,157.78
45:04.0,0,94.38,0,157.78
45:04.0,0,94.38,0,157.78
45:04.0,0,94.38,0,157.78
45:04.0,0,94.38,0,157.78
45:04.0,0,94.38,0,157.78
45:04.0,0,94.38,0,157.78
45:04.1,0,94.38,95.95,157.78
45:04.1,0,94.38,355,157.78
45:04.1,0,94.38,684.7,157.78
45:04.1,0,94.38,1054.95,157.78
45:04.1,0,94.38,1417.05,157.78
45:04.1,0,94.38,1776,157.78
45:04.1,0,94.38,2078.55,157.78
45:04.1,0,94.38,2335,157.78
45:04.1,0,94.38,2512.45,157.78
45:04.1,0,94.38,2648.2,157.78
45:04.2,8.55,94.38,2675.15,157.78
45:04.2,183.85,94.38,2470.9,157.78
45:04.2,475.3,94.38,2131.6,157.78
45:04.2,844,94.38,1749.9,157.78
45:04.2,1270.8,94.38,1465.25,157.78
45:04.2,1712.6,94.38,1276.9,157.78
45:04.2,2094.15,106.75,1173.45,157.78
45:04.2,2393.45,106.75,1130.55,157.78
45:04.2,2625.85,106.75,1118.25,157.78
45:04.2,2845,106.75,1089.95,157.78
45:04.3,2998.3,106.75,1067.25,157.78
45:04.3,2814.55,106.75,1017.7,157.78
45:04.3,2609.8,106.75,875.25,157.78
45:04.3,2405.05,106.75,729.25,157.78
45:04.3,2200.3,106.75,577.85,157.78
45:04.3,1995.55,106.75,285.75,157.78
45:04.3,1790.8,106.75,-13.75,157.78
45:04.3,1586.05,106.75,-258.15,157.78
45:04.3,1381.3,106.75,-442.25,157.78
45:04.3,1176.55,106.75,-559.55,157.78
45:04.4,972.25,106.75,-577.25,157.78
45:04.4,777.2,106.75,-522.65,157.78
45:04.4,598,106.75,-441.75,157.78
45:04.4,439.55,106.75,-304.85,157.78
45:04.4,306,106.75,-176.6,157.78
45:04.4,199.45,106.75,-20.15,157.78
45:04.4,118.15,106.75,134.7,157.78
45:04.4,59.1,106.75,291.1,157.78
45:04.4,19.95,106.75,418.5,157.78
45:04.4,1.05,106.75,479.05,157.78
45:04.5,0,106.75,471.05,168.08
45:04.5,0,106.75,469.8,168.08
45:04.5,0,106.75,469.8,168.08
45:04.5,0,106.75,469.8,168.08
45:04.5,0,106.75,468.35,168.08
45:04.5,0,106.75,456.75,168.08
45:04.5,0,106.75,432.95,168.08
45:04.5,0,106.75,398.15,168.08
45:04.5,0,106.75,354.05,168.08
45:04.5,0,106.75,302.85,168.08
45:04.6,0,106.75,248.85,168.08
45:04.6,0,106.75,195.75,168.08
45:04.6,0,106.75,145.4,168.08
45:04.6,0,106.75,101.45,168.08
45:04.6,0,106.75,64.1,168.08
45:04.6,0,106.75,35.25,168.08
45:04.6,0,106.75,15.1,168.08
45:04.6,0,106.75,3.85,168.08
45:04.6,0,106.75,0,168.08
45:04.6,0,106.75,0,168.08
45:04.7,0,106.75,0,168.08
45:04.7,0,106.75,0,168.08
45:04.7,0,106.75,0,168.08
45:04.7,0,106.75,0,168.08
45:04.7,0,106.75,0,168.08
45:04.7,0,106.75,0,168.08
45:04.7,0,106.75,0,168.08
45:04.7,0,106.75,0,168.08
45:04.7,0,106.75,0,168.08
45:04.7,0,106.75,0,168.08
45:04.8,0,106.75,0,168.08
45:04.8,0,106.75,0,168.08
45:04.8,0,106.75,0,168.08
45:04.8,0,106.75,0,168.08
45:04.8,0,106.75,0,168.08
45:04.8,0,106.75,0,168.08
45:04.8,-75.05,106.75,0,168.08
45:04.8,-192.7,106.75,0,168.08
45:04.8,-291.6,106.75,0,168.08
45:04.8,-397.1,106.75,0,168.08
45:04.9,-468.65,106.75,0,168.08
45:04.9,-529.55,106.75,0,168.08
45:04.9,-568.7,106.75,0,168.08
45:04.9,-592.7,106.75,0,168.08
45:04.9,-635.4,106.75,0,168.08
45:04.9,-669.05,106.75,0,168.08
45:04.9,-709.1,106.75,0,168.08
45:04.9,-758.8,106.75,0,168.08
45:04.9,-796.5,106.75,0,168.08
45:04.9,-838.7,106.75,0,168.08
45:05.0,-850.7,106.75,0,168.08
45:05.0,-869.9,106.75,0,168.08
45:05.0,-837.75,106.75,0,168.08
45:05.0,-782.35,106.75,0,168.08
45:05.0,-701.95,106.75,0,168.08
45:05.0,-613,106.75,0,168.08
45:05.0,-494.25,106.75,0,168.08
45:05.0,-366.1,106.75,0,168.08
45:05.0,-228.85,106.75,0,168.08
45:05.0,-96.45,106.75,0,168.08
45:05.1,27.5,103.12,0,168.08
45:05.1,144.2,103.12,0,168.08
45:05.1,212.65,103.12,0,168.08
45:05.1,255.5,103.12,0,168.08
45:05.1,256.5,103.12,0,168.08
45:05.1,227.3,103.12,0,168.08
45:05.1,183,103.12,0,168.08
45:05.1,122.55,103.12,0,168.08
45:05.1,72.65,103.12,0,168.08
45:05.1,16.95,103.12,0,168.08
45:05.2,-24.1,103.12,0,168.08
45:05.2,-38.65,103.12,0,168.08
45:05.2,-43.85,103.12,0,168.08
45:05.2,-37.3,103.12,0,168.08
45:05.2,7.2,103.12,0,168.08
45:05.2,75.7,103.12,0,168.08
45:05.2,167.65,103.12,0,168.08
45:05.2,276.95,103.12,0,168.08
45:05.2,375,103.12,0,168.08
45:05.2,464.45,103.12,0,168.08
45:05.3,553.3,103.12,0,168.08
45:05.3,599.8,103.12,0,168.08
45:05.3,626.8,103.12,0,168.08
45:05.3,640.85,103.12,0,168.08
45:05.3,622.6,103.12,0,168.08
45:05.3,554.15,103.12,0,168.08
45:05.3,533.3,103.12,0,168.08
45:05.3,483.65,103.12,0,168.08
45:05.3,426.15,103.12,0,168.08
45:05.3,350.5,103.12,0,168.08
45:05.4,274.55,103.12,0,168.08
45:05.4,198.9,103.12,0,168.08
45:05.4,152.7,103.12,0,168.08
45:05.4,94.35,103.12,0,168.08
45:05.4,55.1,103.12,0,168.08
45:05.4,51.7,103.12,0,168.08
45:05.4,25.9,103.12,0,168.08
45:05.4,-8.45,103.12,0,168.08
45:05.4,-30.1,103.12,0,168.08
45:05.4,-92.9,103.12,0,168.08
45:05.5,-125.9,103.12,0,168.08
45:05.5,-190.3,103.12,-23.75,168.08
45:05.5,-257.55,103.12,-48.15,168.08
45:05.5,-343.9,103.12,-98.75,168.08
45:05.5,-419.15,103.12,-140.85,168.08
45:05.5,-499.35,103.12,-188.05,168.08
45:05.5,-566.3,103.12,-239.95,168.08
45:05.5,-609.3,103.12,-273.35,168.08
45:05.5,-635.35,103.12,-305.2,168.08
45:05.5,-641.25,103.12,-346.85,168.08
45:05.6,-634.6,103.12,-372.95,168.08
45:05.6,-601.8,103.12,-420.25,168.08
45:05.6,-561.75,103.12,-455.2,168.08
45:05.6,-512.65,103.12,-460.2,168.08
45:05.6,-474.15,103.12,-481.3,168.08
45:05.6,-454.5,103.12,-487.15,168.08
45:05.6,-457.8,103.12,-496.45,168.08
45:05.6,-462.65,103.12,-500.35,168.08
45:05.6,-477.1,103.12,-504.7,168.08
45:05.6,-489.7,103.12,-494.15,168.08
45:05.7,-494.65,103.12,-482.65,168.08
45:05.7,-512.25,103.12,-488.5,168.08
45:05.7,-526.2,103.12,-470.95,168.08
45:05.7,-518.1,103.12,-446.85,168.08
45:05.7,-512.7,103.12,-428.65,168.08
45:05.7,-498.1,103.12,-407,168.08
45:05.7,-450.85,103.12,-386.35,168.08
45:05.7,-397.5,103.12,-362.15,168.08
45:05.7,-330.3,103.12,-346.1,168.08
45:05.7,-253.05,103.12,-332.8,168.08
45:05.8,-186.8,103.12,-308.25,168.08
45:05.8,-144.1,103.12,-305.7,142.95
45:05.8,-118.75,103.12,-293.3,142.95
45:05.8,-100.85,101.92,-294,142.95
45:05.8,-111.45,101.92,-297.65,142.95
45:05.8,-119.75,101.92,-289.25,142.95
45:05.8,-143.3,101.92,-272.6,142.95
45:05.8,-163.5,101.92,-288.9,142.95
45:05.8,-164.1,101.92,-262.55,142.95
45:05.8,-179.4,101.92,-255,142.95
45:05.9,-180.9,101.92,-253.05,142.95
45:05.9,-198.55,101.92,-251.7,142.95
45:05.9,-225.75,101.92,-256.5,142.95
45:05.9,-246.6,101.92,-245.85,142.95
45:05.9,-269.05,101.92,-235.05,142.95
45:05.9,-284.8,101.92,-224.85,142.95
45:05.9,-313.2,101.92,-220.9,142.95
45:05.9,-313.05,101.92,-221.7,142.95
45:05.9,-318.95,101.92,-210.25,142.95
45:05.9,-340.15,101.92,-208.15,142.95
45:06.0,-352.25,101.92,-201.95,142.95
45:06.0,-372.75,101.92,-201.4,142.95
45:06.0,-388.6,101.92,-180.95,142.95
45:06.0,-391.75,101.92,-180.3,142.95
45:06.0,-390.9,101.92,-175.8,142.95
45:06.0,-370.95,101.92,-165.15,142.95
45:06.0,-351.7,101.92,-162.45,142.95
45:06.0,-314,101.92,-152.8,142.95
45:06.0,-283.45,101.92,-151.5,142.95
45:06.0,-259.45,101.92,-146.65,142.95
45:06.1,-227.65,101.92,-148.2,142.95
45:06.1,-206.3,101.92,-154.85,142.95
45:06.1,-188.7,101.92,-158.1,142.95
45:06.1,-182,101.92,-158.3,142.95
45:06.1,-190.5,101.92,-146.05,142.95
45:06.1,-191.25,101.92,-161.9,142.95
45:06.1,-185.4,101.92,-168.6,142.95
45:06.1,-175.8,101.92,-155.45,142.95
45:06.1,-153.6,101.92,-175.1,142.95
45:06.1,-145.2,101.92,-172.15,142.95
45:06.2,-116.5,101.92,-180.8,142.95
45:06.2,-82.55,101.92,-173.15,142.95
45:06.2,-39.9,101.92,-179.4,142.95
45:06.2,20.85,101.92,-169.35,142.95
45:06.2,70.25,101.92,-172.1,142.95
45:06.2,116.3,101.92,-174.3,142.95
45:06.2,155.25,119.48,-174.45,142.95
45:06.2,190.25,119.48,-160.8,142.95
45:06.2,227.75,119.48,-142.1,142.95
45:06.2,246.35,119.48,-133.65,142.95
45:06.3,270.15,119.48,-140.95,142.95
45:06.3,283.15,119.48,-149.2,142.95
45:06.3,286.65,119.48,-117.3,142.95
45:06.3,299.55,119.48,-120.35,142.95
45:06.3,270.15,119.48,-118.9,142.95
45:06.3,226.55,119.48,-110.8,142.95
45:06.3,190.75,119.48,-115,142.95
45:06.3,163.5,119.48,-100.4,142.95
45:06.3,144.1,119.48,-101.95,142.95
45:06.3,122.05,119.48,-98.75,142.95
45:06.4,118.55,119.48,-102.1,142.95
45:06.4,142.6,119.48,-97.55,142.95
45:06.4,167.75,119.48,-90.05,142.95
45:06.4,206.45,119.48,-75.15,142.95
45:06.4,261.45,119.48,-71,142.95
45:06.4,325.2,119.48,-73.3,142.95
45:06.4,406.45,119.48,-54.1,142.95
45:06.4,471.75,119.48,-48.05,142.95
45:06.4,535.3,119.48,-53.25,142.95
45:06.4,589.55,119.48,-49.65,142.95
45:06.5,624.7,119.48,-44.2,142.95
45:06.5,634.5,119.48,-42.8,142.95
45:06.5,654.9,119.48,-47,142.95
45:06.5,657.35,119.48,-55.35,142.95
45:06.5,628.3,119.48,-57.95,142.95
45:06.5,607.5,119.48,-58.5,142.95
45:06.5,570.1,119.48,-53.9,142.95
45:06.5,540.1,119.48,-52.05,142.95
45:06.5,507.95,119.48,-42.15,142.95
45:06.5,461.25,119.48,-54.8,142.95
45:06.6,421.6,119.48,-43.55,142.95
45:06.6,381.55,119.48,-54.85,142.95
45:06.6,349.85,119.48,-50.3,142.95
45:06.6,321.15,119.48,-50.25,142.95
45:06.6,299.15,119.48,-56.85,142.95
45:06.6,268.05,119.48,-49.15,142.95
45:06.6,235.25,119.48,-50.5,142.95
45:06.6,197.6,119.48,-42.05,142.95
45:06.6,136.65,119.48,-48.65,142.95
45:06.6,82.1,119.48,-44.4,142.95
45:06.7,28.35,119.48,-40.15,142.95
45:06.7,-20.8,119.48,-25.6,142.95
45:06.7,-65.65,119.48,-33.95,142.95
45:06.7,-99.4,119.48,-16.75,142.95
45:06.7,-133.4,119.48,-3.55,142.95
45:06.7,-151.75,119.48,-6.45,142.95
45:06.7,-172,119.48,-10.1,142.95
45:06.7,-183.05,119.48,-2.25,142.95
45:06.7,-193.85,119.48,-12.5,142.95
45:06.7,-199.3,119.48,-12.55,142.95
45:06.8,-223,119.48,-2.65,142.95
45:06.8,-225.05,119.48,-11.05,142.95
45:06.8,-239.35,119.48,-7.55,142.95
45:06.8,-254.65,119.48,-12.95,142.95
45:06.8,-276.25,119.48,-3.4,142.95
45:06.8,-284.35,119.48,-11.25,142.95
45:06.8,-287.45,119.48,-19,142.95
45:06.8,-289.05,119.48,-9.05,142.95
45:06.8,-286.85,119.48,-26.75,142.95
45:06.8,-278.2,119.48,-23.6,142.95
45:06.9,-265.6,119.48,-24.4,142.95
45:06.9,-233.15,119.48,-28.4,142.95
45:06.9,-187.7,119.48,-32.75,142.95
45:06.9,-147.75,119.48,-47.5,142.95
45:06.9,-97.15,119.48,-43.7,142.95
45:06.9,-55.9,119.48,-40.15,142.95
45:06.9,-14.35,119.48,-36.9,142.95
45:06.9,43.85,119.48,-46.65,142.95
45:06.9,91,104.57,-37.35,142.95
45:06.9,117.25,104.57,-49.35,142.95
45:07.0,130.1,104.57,-37.35,142.95
45:07.0,124.45,104.57,-51.9,142.95
45:07.0,120.4,104.57,-39.75,142.95
45:07.0,100.5,104.57,-30.25,142.95
45:07.0,97.3,104.57,-38.65,142.95
45:07.0,90.45,104.57,-36.4,142.95
45:07.0,94.45,104.57,-38.3,142.95
45:07.0,87.75,104.57,-38.5,142.95
45:07.0,78.6,104.57,-23.25,142.95
45:07.0,61.7,104.57,-30.35,142.95
45:07.1,44.3,104.57,-12.3,142.95
45:07.1,38.9,104.57,-13.35,142.95
45:07.1,47.6,104.57,-13.55,142.95
45:07.1,21.1,104.57,-7.85,142.95
45:07.1,-0.05,104.57,-11.85,142.95
45:07.1,-33.45,104.57,-10.8,142.95
45:07.1,-54.45,104.57,-23,142.95
45:07.1,-64.45,104.57,-20.9,142.95
45:07.1,-75.65,104.57,-35.6,142.95
45:07.1,-70.75,104.57,-25.5,142.95
45:07.2,-81.45,104.57,-15.4,142.95
45:07.2,-75.5,104.57,-22.8,142.95
45:07.2,-74.5,104.57,-7.5,142.95
45:07.2,-58.05,104.57,-9.7,142.95
45:07.2,-34.6,104.57,-8.55,142.95
45:07.2,-7.5,104.57,4.85,142.95
45:07.2,34.1,104.57,7.8,142.95
45:07.2,61.4,104.57,19.85,142.95
45:07.2,77.85,104.57,6.2,142.95
45:07.2,61.75,104.57,2.2,142.95
45:07.3,44.2,104.57,-11.3,142.95
45:07.3,8.8,104.57,-7.15,142.95
45:07.3,-9.5,104.57,-13.75,142.95
45:07.3,-29.45,104.57,-14.05,142.95
45:07.3,-42.25,104.57,-19.3,142.95
45:07.3,-64.2,104.57,-21.4,142.95
45:07.3,-85.8,104.57,-17.4,142.95
45:07.3,-97.15,104.57,-19.25,142.95
45:07.3,-98.95,104.57,-17.1,142.95
45:07.3,-101.4,104.57,-30.8,142.95
45:07.4,-103.4,104.57,-21.5,142.95
45:07.4,-89.9,104.57,-14.95,142.95
45:07.4,-94.25,104.57,-14.65,142.95
45:07.4,-109.95,104.57,-11.65,142.95
45:07.4,-124.55,104.57,-11.6,142.95
45:07.4,-132.05,104.57,-4.2,142.95
45:07.4,-129.05,104.57,3.05,142.95
45:07.4,-115.65,104.57,6.85,142.95
45:07.4,-102.3,104.57,9.85,142.95
45:07.4,-76.35,104.57,19.2,142.95
45:07.5,-39.55,104.57,22.6,142.95
45:07.5,-5.9,104.57,30.7,142.95
45:07.5,32,104.57,29.4,142.95
45:07.5,79.4,104.57,39.4,142.95
45:07.5,136.95,104.57,44.65,142.95
45:07.5,219.65,104.57,60.7,142.95
45:07.5,304.1,95.99,56.9,142.95
45:07.5,397.05,95.99,78.6,142.95
45:07.5,493.5,95.99,83.85,142.95
45:07.5,593.85,95.99,84,142.95
45:07.6,660.55,95.99,87.05,142.95
45:07.6,726.2,95.99,91.8,142.95
45:07.6,769.75,95.99,102.55,142.95
45:07.6,786.65,95.99,109.6,142.95
45:07.6,767.5,95.99,98.7,142.95
45:07.6,738.9,95.99,103.4,142.95
45:07.6,675,95.99,94.4,142.95
45:07.6,588.45,95.99,103.55,142.95
45:07.6,487.05,95.99,85.25,142.95
45:07.6,374.25,95.99,78.3,142.95
45:07.7,276.15,95.99,63.85,142.95
45:07.7,171.3,95.99,56.8,142.95
45:07.7,90.05,95.99,51.6,142.95
45:07.7,16.85,95.99,37.35,142.95
45:07.7,-50.65,95.99,29.55,142.95
45:07.7,-105.25,95.99,16.15,142.95
45:07.7,-157.35,95.99,12.65,142.95
45:07.7,-186.05,95.99,15.15,142.95
45:07.7,-222.1,95.99,-4.95,142.95
45:07.7,-243.3,95.99,-11.5,142.95
45:07.8,-265.65,95.99,-15.45,142.95
45:07.8,-257.2,95.99,-10.15,142.95
45:07.8,-261.85,95.99,-17.55,142.95
45:07.8,-268.35,95.99,-22.85,142.95
45:07.8,-277.05,95.99,-28.9,142.95
45:07.8,-282.3,95.99,-27.25,142.95
45:07.8,-275.4,95.99,-37.95,142.95
45:07.8,-260,95.99,-26.15,142.95
45:07.8,-247.85,95.99,-28.55,142.95
45:07.8,-245.3,95.99,-29.65,142.95
45:07.9,-265.65,95.99,-34.65,142.95
45:07.9,-253.2,95.99,-26.85,142.95
45:07.9,-258.1,95.99,-19.15,142.95
45:07.9,-262.2,95.99,-20.6,142.95
45:07.9,-266.45,95.99,-27.6,142.95
45:07.9,-263.85,95.99,-19.3,142.95
45:07.9,-248.3,95.99,-16.9,142.95
45:07.9,-236.75,95.99,-4.65,142.95
45:07.9,-225,95.99,-6.1,142.95
45:07.9,-189,95.99,-5.7,142.95
45:08.0,-160.85,95.99,1.3,142.95
45:08.0,-126.65,95.99,6.45,142.95
45:08.0,-77.25,95.99,16.75,142.95
45:08.0,-29.1,95.99,22.45,142.95
45:08.0,33.55,95.99,36.05,142.95
45:08.0,57.5,95.99,45.1,142.95
45:08.0,116.35,105.7,38.7,142.95
45:08.0,143.05,105.7,62.4,142.95
45:08.0,172.25,105.7,56,142.95
45:08.0,199.5,105.7,56.2,142.95
45:08.1,222.65,105.7,39.65,142.95
45:08.1,227.3,105.7,43.95,142.95
45:08.1,245.75,105.7,37.65,142.95
45:08.1,236.35,105.7,37.95,142.95
45:08.1,213.7,105.7,29,142.95
45:08.1,188.25,105.7,22.5,142.95
45:08.1,148.45,105.7,17.1,142.95
45:08.1,123.35,105.7,4.7,142.95
45:08.1,88.5,105.7,10.7,142.95
45:08.1,51.4,105.7,9.55,142.95
45:08.2,36.65,105.7,2.9,142.95
45:08.2,22.6,105.7,1.4,142.95
45:08.2,9.2,105.7,-14.85,142.95
45:08.2,-12.9,105.7,-1.55,142.95
45:08.2,-28.9,105.7,-6.3,142.95
45:08.2,-68.3,105.7,-2.7,142.95
45:08.2,-87,105.7,-8.05,142.95
45:08.2,-94,105.7,-0.4,142.95
45:08.2,-106.65,105.7,5.8,142.95
45:08.2,-115,105.7,-7.1,142.95
45:08.3,-138.15,105.7,0,142.95
45:08.3,-136.15,105.7,5.25,142.95
45:08.3,-142.6,105.7,10.1,142.95
45:08.3,-145.9,105.7,7.3,142.95
45:08.3,-135.35,105.7,10.1,142.95
45:08.3,-131.7,105.7,15.45,142.95
45:08.3,-122.05,105.7,5.2,142.95
45:08.3,-106,105.7,16.8,142.95
45:08.3,-104.35,105.7,13,142.95
45:08.3,-109.95,105.7,11.35,142.95
45:08.4,-131.8,105.7,2.9,142.95
45:08.4,-172.8,105.7,3.45,142.95
45:08.4,-208.15,105.7,-0.6,142.95
45:08.4,-255.65,105.7,-7.55,142.95
45:08.4,-313.45,105.7,-4.85,142.95
45:08.4,-395.45,105.7,-10.65,142.95
45:08.4,-491.8,105.7,-14.5,142.95
45:08.4,-599.1,105.7,-7.35,142.95
45:08.4,-714,105.7,-13.55,142.95
45:08.4,-854.65,105.7,-11.55,142.95
45:08.5,-990.75,105.7,-15.95,142.95
45:08.5,-1096.2,105.7,-21.75,142.95
45:08.5,-1204,105.7,-21.25,142.95
45:08.5,-1285.95,105.7,-22.75,142.95
45:08.5,-1324.2,105.7,-32.5,142.95
45:08.5,-1352.3,105.7,-26.15,142.95
45:08.5,-1347.3,105.7,-28.1,142.95
45:08.5,-1299.8,105.7,-32.05,142.95
45:08.5,-1227.65,105.7,-32.95,142.95
45:08.5,-1127.6,105.7,-31.8,142.95
45:08.6,-1027.6,105.7,-24.3,142.95
45:08.6,-902.2,105.7,-32.2,142.95
45:08.6,-775.5,105.7,-30.2,142.95
45:08.6,-630.45,105.7,-31.35,142.95
45:08.6,-518.35,105.7,-30.25,142.95
45:08.6,-385.05,109.6,-30.3,142.95
45:08.6,-271.95,109.6,-34.2,142.95
45:08.6,-145.15,109.6,-24.1,142.95
45:08.6,-29.4,109.6,-16.6,142.95
45:08.6,65,109.6,-31.1,142.95
45:08.7,144,109.6,-30.7,142.95
45:08.7,216.45,109.6,-26.7,142.95
45:08.7,277.75,109.6,-25.65,142.95
45:08.7,323.05,109.6,-16.1,142.95
45:08.7,345.9,109.6,-20.8,142.95
45:08.7,365.25,109.6,-39.2,142.95
45:08.7,390.8,109.6,-31.05,142.95
45:08.7,400.05,109.6,-24.45,142.95
45:08.7,411.8,109.6,-29.65,142.95
45:08.7,433.75,109.6,-21.25,142.95
45:08.8,443.4,109.6,-15.75,142.95
45:08.8,492.05,109.6,-2.4,142.95
45:08.8,521.75,109.6,0.8,142.95
45:08.8,562.05,109.6,0.85,142.95
45:08.8,590.95,109.6,1.8,142.95
45:08.8,620.75,109.6,2.6,142.95
45:08.8,646.9,109.6,21.1,142.95
45:08.8,686.8,109.6,27.6,142.95
45:08.8,697.85,109.6,32.1,142.95
45:08.8,706.65,109.6,48.75,142.95
45:08.9,701.7,109.6,43.4,142.95
45:08.9,687.7,109.6,47.75,142.95
45:08.9,686.05,109.6,49.75,142.95
45:08.9,665.45,109.6,39.5,142.95
45:08.9,653.7,109.6,36.9,142.95
45:08.9,619.2,109.6,35.1,142.95
45:08.9,579,109.6,15.4,142.95
45:08.9,547.15,109.6,9.1,142.95
45:08.9,508.4,109.6,16.85,142.95
45:08.9,460.05,109.6,8.2,142.95
45:09.0,409.85,109.6,-0.95,142.95
45:09.0,376.3,109.6,1.3,142.95
45:09.0,363.65,109.6,-2.25,142.95
45:09.0,337.4,109.6,-0.05,142.95
45:09.0,324.6,109.6,-18,142.95
45:09.0,300.15,109.6,-26.55,142.95
45:09.0,295.15,109.6,-16.65,142.95
45:09.0,285.8,109.6,-23.05,142.95
45:09.0,281.55,109.6,-20.3,142.95
45:09.0,280.3,109.6,-23.35,142.95
45:09.1,276.6,109.6,-19.65,142.95
45:09.1,249.3,109.6,-15.7,142.95
45:09.1,236.45,109.6,-15.4,142.95
45:09.1,213.7,109.6,-10.65,142.95
45:09.1,198.3,109.6,-10.8,142.95
45:09.1,182.2,109.6,-13.6,142.95
45:09.1,185.1,109.6,-0.85,142.95
45:09.1,195.05,109.6,-5.05,142.95
45:09.1,198.95,109.6,-3.7,142.95
45:09.1,205.05,109.6,4,142.95
45:09.2,212.05,109.6,-0.4,142.95
45:09.2,210.05,109.6,-2.45,142.95
45:09.2,210.9,109.6,-14.9,142.95
45:09.2,192.75,109.6,-13.15,142.95
45:09.2,172.35,109.6,-7.5,142.95
45:09.2,139.65,109.6,-6.3,142.95
45:09.2,119,109.6,-9.4,142.95
45:09.2,90.5,109.6,-25.95,142.95
45:09.2,65.25,109.6,-18.7,142.95
45:09.2,51.8,109.6,-8.2,142.95
45:09.3,33.3,109.6,-7.6,142.95
45:09.3,5,109.6,-7.85,142.95
45:09.3,-9.15,109.6,-4.35,142.95
45:09.3,-18.95,109.6,3.9,142.95
45:09.3,-46.2,109.6,15.45,142.95
45:09.3,-60.6,109.6,-5.2,142.95
45:09.3,-70.35,109.6,-7.1,142.95
45:09.3,-72.4,109.6,1.35,142.95
45:09.3,-64.5,109.6,-2.95,142.95
45:09.3,-48.85,109.6,-4.75,142.95
45:09.4,-29.5,109.6,-6.65,142.95
45:09.4,2.45,109.6,-12.35,142.95
45:09.4,36,109.6,-2.25,142.95
45:09.4,53.9,109.6,-7.85,142.95
45:09.4,70.95,109.6,-10.05,142.95
45:09.4,73.15,109.6,-15.85,142.95
45:09.4,73.1,109.6,-4.4,142.95
45:09.4,66.6,109.6,-14.35,142.95
45:09.4,58.75,109.6,-4.5,142.95
45:09.4,45.35,109.6,-14.6,142.95
45:09.5,21.6,109.6,-17.5,142.95
45:09.5,-1.1,109.6,-16.45,142.95
45:09.5,-18.35,109.6,-6.7,142.95
45:09.5,-45.4,109.6,-19.8,142.95
45:09.5,-76.95,109.6,-38.2,142.95
45:09.5,-95.05,109.6,-35.65,142.95
45:09.5,-102.1,109.6,-33.25,142.95
45:09.5,-91.7,109.6,-30.45,142.95
45:09.5,-57.65,109.6,-27.9,142.95
45:09.5,-27.45,109.6,-25.5,142.95
45:09.6,-9.35,109.6,-30.85,142.95
45:09.6,17.85,109.6,-25.7,142.95
45:09.6,50,109.6,-24,142.95
45:09.6,62.35,109.6,-15.9,142.95
45:09.6,79.65,109.6,-13.95,142.95
45:09.6,105.7,109.6,9.5,142.95
45:09.6,118.05,109.6,19.05,142.95
45:09.6,116.1,93.46,30.5,142.95
45:09.6,112.85,93.46,33.3,142.95
45:09.6,104.25,93.46,35.4,142.95
45:09.7,90.95,93.46,41.9,142.95
45:09.7,88.4,93.46,38.5,142.95
45:09.7,87.7,93.46,29,142.95
45:09.7,80.55,93.46,40.1,142.95
45:09.7,65.05,93.46,18.1,142.95
45:09.7,41.25,93.46,20.85,142.95
45:09.7,19.6,93.46,-6.1,142.95
45:09.7,8.5,93.46,-2.3,142.95
45:09.7,-0.8,93.46,-3.5,142.95
45:09.7,-7.5,93.46,-7.55,142.95
45:09.8,-18.9,93.46,-28.95,142.95
45:09.8,-34.25,93.46,-29.2,142.95
45:09.8,-48.25,93.46,-29.5,142.95
45:09.8,-78.95,93.46,-8.6,142.95
45:09.8,-107.1,93.46,-30.6,142.95
45:09.8,-132.2,93.46,-29.45,142.95
45:09.8,-146.35,93.46,-27.85,142.95
45:09.8,-165.9,93.46,-25.65,142.95
45:09.8,-163,93.46,-23.3,142.95
45:09.8,-164.65,93.46,-33.15,142.95
45:09.9,-152.75,93.46,-25.8,142.95
45:09.9,-145.45,93.46,-14.95,142.95
45:09.9,-126.2,93.46,-14.45,142.95
45:09.9,-97.75,93.46,-8.45,142.95
45:09.9,-74.25,93.46,-6.45,142.95
45:09.9,-37.85,93.46,-12.75,142.95
45:09.9,-15.8,93.46,-2.8,142.95
45:09.9,-3.15,93.46,15.5,142.95
45:09.9,0.55,93.46,19.6,142.95
45:09.9,7.2,93.46,-1.35,142.95
45:10.0,-30.2,93.46,-1.35,142.95
45:10.0,-35.55,93.46,-1.35,142.95
45:10.0,-52.3,93.46,-1.35,142.95
45:10.0,-69.4,93.46,16.85,142.95
45:10.0,-103.95,93.46,-1.15,142.95
45:10.0,-153.15,93.46,-1.15,142.95
45:10.0,-178.7,93.46,-1.15,142.95
45:10.0,-194.45,93.46,-2.1,142.95
45:10.0,-217.85,93.46,-1.1,142.95
45:10.0,-224.95,93.46,-1.75,142.95
45:10.1,-224.4,93.46,-2.2,142.95
45:10.1,-221.55,93.46,-2.25,142.95
45:10.1,-217.8,93.46,16.6,142.95
45:10.1,-212.65,93.46,15.6,142.95
45:10.1,-216.75,93.46,18.4,142.95
45:10.1,-229.75,93.46,10.1,142.95
45:10.1,-216.55,93.46,10.2,142.95
45:10.1,-197.85,93.46,14.95,142.95
45:10.1,-200,93.46,-6.95,142.95
45:10.1,-180.9,93.46,-6.95,142.95
45:10.2,-170.5,93.46,-6.95,142.95
45:10.2,-163.05,93.46,-6.95,142.95
45:10.2,-144.75,93.46,-8.85,142.95
45:10.2,-131.4,93.46,-8.8,142.95
45:10.2,-100.9,93.46,-13.4,142.95
45:10.2,-59.8,93.46,-6.35,142.95
45:10.2,-17.2,93.46,-5.35,142.95
45:10.2,19.55,93.46,-5.4,142.95
45:10.2,38.75,93.46,19.3,142.95
45:10.2,55.25,96.15,12.3,142.95
45:10.3,65.65,96.15,20.8,142.95
45:10.3,68.4,96.15,27.85,142.95
45:10.3,95.2,96.15,23.1,142.95
45:10.3,105.8,96.15,36.6,142.95
45:10.3,108.95,96.15,37.2,142.95
45:10.3,99.6,96.15,46.85,142.95
45:10.3,96.65,96.15,52.15,142.95
45:10.3,84.8,96.15,58.25,142.95
45:10.3,72.9,96.15,72.25,142.95
45:10.3,70.5,96.15,79.6,142.95
45:10.4,63.45,96.15,85.35,142.95
45:10.4,64.15,96.15,93.35,142.95
45:10.4,74.65,96.15,104.3,142.95
45:10.4,80.9,96.15,108.55,142.95
45:10.4,85,96.15,116.65,142.95
45:10.4,83.05,96.15,109,142.95
45:10.4,86.1,96.15,97.5,142.95
45:10.4,86.2,96.15,95.6,142.95
45:10.4,78.05,96.15,87,142.95
45:10.4,64.9,96.15,84.75,142.95
45:10.5,62.95,96.15,67.45,142.95
45:10.5,74.15,96.15,66.25,142.95
45:10.5,100.05,96.15,58.8,142.95
45:10.5,133.45,96.15,55.85,142.95
45:10.5,161.25,96.15,35.65,142.95
45:10.5,200.2,96.15,48.05,142.95
45:10.5,236.65,96.15,46.55,142.95
45:10.5,259.7,96.15,27.15,142.95
45:10.5,274.7,96.15,24.55,142.95
45:10.5,269.15,96.15,16.75,142.95
45:10.6,248.6,96.15,15.4,142.95
45:10.6,228.5,96.15,9.9,142.95
45:10.6,201.8,96.15,6.4,142.95
45:10.6,169.7,96.15,5.5,142.95
45:10.6,126.75,96.15,-3.1,142.95
45:10.6,96.05,96.15,-7.4,142.95
45:10.6,52.55,96.15,11.2,142.95
45:10.6,24.35,96.15,11.15,142.95
45:10.6,-18.2,96.15,26.25,142.95
45:10.6,-54.65,96.15,28.5,142.95
45:10.7,-75.2,96.15,27.25,142.95
45:10.7,-107.45,96.15,39.6,142.95
45:10.7,-122.4,96.15,33.2,142.95
45:10.7,-131.75,96.15,51,142.95
45:10.7,-166.25,96.15,53.8,142.95
45:10.7,-183.85,96.15,47.75,142.95
45:10.7,-196.6,96.15,41.2,142.95
45:10.7,-212.7,96.15,50.35,142.95
45:10.7,-227.35,96.15,40.95,142.95
45:10.7,-242.4,96.15,41.2,142.95
45:10.8,-235.65,96.15,42.35,142.95
45:10.8,-234.75,96.15,41.25,142.95
45:10.8,-216.95,96.15,37.1,142.95
45:10.8,-190.1,96.15,33,142.95
45:10.8,-155.35,96.15,46.55,142.95
45:10.8,-119.3,96.15,37.1,142.95
45:10.8,-80,96.15,32.65,142.95
45:10.8,-49.4,96.15,35.85,142.95
45:10.8,-40.3,96.15,21.45,142.95
45:10.8,-36.25,96.15,21.1,142.95
45:10.9,-45.8,96.15,24.45,142.95
45:10.9,-48.05,94.81,14.9,142.95
45:10.9,-55.95,94.81,12.15,142.95
45:10.9,-51.95,94.81,14.25,142.95
45:10.9,-62.8,94.81,14.6,142.95
45:10.9,-70.05,94.81,12.8,142.95
45:10.9,-76.7,94.81,7.95,142.95
45:10.9,-72.7,94.81,6.75,142.95
45:10.9,-72.05,94.81,10,142.95
45:10.9,-73.85,94.81,9.4,142.95
45:11.0,-67.5,94.81,7.1,142.95
45:11.0,-61.4,94.81,-3.55,142.95
45:11.0,-74.7,94.81,-0.4,142.95
45:11.0,-93.55,94.81,0.65,142.95
45:11.0,-106.65,94.81,-6.95,142.95
45:11.0,-121.65,94.81,-13.4,142.95
45:11.0,-134.25,94.81,-4.3,142.95
45:11.0,-152.4,94.81,-3.8,142.95
45:11.0,-160.55,94.81,-5.75,142.95
45:11.0,-161.25,94.81,0.15,142.95
45:11.1,-164.1,94.81,8,142.95
45:11.1,-139.15,94.81,14.15,142.95
45:11.1,-129.95,94.81,21.85,142.95
45:11.1,-94.3,94.81,26.45,142.95
45:11.1,-57.1,94.81,39.4,142.95
45:11.1,-13.6,94.81,49.7,142.95
45:11.1,27.25,94.81,63,142.95
45:11.1,52.75,94.81,56.45,142.95
45:11.1,72.05,94.81,72.15,142.95
45:11.1,76.8,94.81,63.15,142.95
45:11.2,101.4,94.81,63.85,142.95
45:11.2,117.3,94.81,61.9,142.95
45:11.2,132.45,94.81,54.3,142.95
45:11.2,137.9,94.81,59.3,142.95
45:11.2,153.25,94.81,49.15,142.95
45:11.2,139.7,106.11,44.6,142.95
45:11.2,137.6,106.11,44.25,142.95
45:11.2,108.85,106.11,47.45,142.95
45:11.2,105.55,106.11,36.8,142.95
45:11.2,74.45,106.11,26.7,142.95
45:11.3,53.9,106.11,25.8,142.95
45:11.3,28.65,106.11,33.6,142.95
45:11.3,0.15,106.11,30.75,142.95
45:11.3,-29.05,106.11,23.35,142.95
45:11.3,-51.95,106.11,25.4,142.95
45:11.3,-81.6,106.11,24.95,142.95
45:11.3,-99.45,106.11,14.75,142.95
45:11.3,-127.55,106.11,14.3,142.95
45:11.3,-142.7,106.11,15.7,142.95
45:11.3,-168.95,106.11,-9.9,142.95
45:11.4,-193.2,106.11,4.95,142.95
45:11.4,-217.7,106.11,12.5,142.95
45:11.4,-233.7,106.11,9.95,142.95
45:11.4,-248.55,106.11,9.85,142.95
45:11.4,-248.3,106.11,21.8,142.95
45:11.4,-251.15,106.11,9.35,142.95
45:11.4,-245.8,106.11,11,142.95
45:11.4,-246.25,106.11,8.2,142.95
45:11.4,-235.65,106.11,10,142.95
45:11.4,-228.25,106.11,2.85,142.95
45:11.5,-219.55,106.11,5.7,142.95
45:11.5,-198.5,106.11,12.8,142.95
45:11.5,-199.2,106.11,-1.3,142.95
45:11.5,-190.3,106.11,-0.6,142.95
45:11.5,-185.4,106.11,-7.25,142.95
45:11.5,-175.3,106.11,-5.8,142.95
45:11.5,-176.95,106.11,-26.65,142.95
45:11.5,-166.65,106.11,-1.65,142.95
45:11.5,-158.75,106.11,-2.45,142.95
45:11.5,-155.7,106.11,-0.65,142.95
45:11.6,-145,106.11,-2.95,142.95
45:11.6,-129.15,106.11,-2.8,142.95
45:11.6,-118.65,106.11,0.15,142.95
45:11.6,-102.9,106.11,2.05,142.95
45:11.6,-90.15,106.11,6.45,142.95
45:11.6,-69.1,106.11,-4.15,142.95
45:11.6,-63.65,106.11,3.05,142.95
45:11.6,-40.1,106.11,1.25,142.95
45:11.6,-33.15,106.11,1.6,142.95
45:11.6,-26,106.11,5.45,142.95
45:11.7,-17.7,106.11,1.7,142.95
45:11.7,-13.4,106.11,11.85,142.95
45:11.7,-8.3,106.11,8.45,142.95
45:11.7,-13.4,106.11,0.5,142.95
45:11.7,-11.3,106.11,14.45,142.95
45:11.7,-19.2,106.11,-2.7,142.95
45:11.7,-24.85,106.11,-1.1,142.95
45:11.7,-20.15,106.11,8.25,142.95
45:11.7,-31.4,106.11,-0.05,142.95
45:11.7,-40.9,106.11,-1.15,142.95
45:11.8,-68.25,106.11,-0.4,142.95
45:11.8,-92.2,106.11,-3.5,142.95
45:11.8,-117.8,106.11,-9.15,142.95
45:11.8,-134.1,106.11,0.8,142.95
45:11.8,-153,106.11,8.55,142.95
45:11.8,-163.35,106.11,12.5,142.95
45:11.8,-163.4,106.11,18.45,142.95
45:11.8,-142.2,106.11,5.9,142.95
45:11.8,-129.15,106.11,9.15,142.95
45:11.8,-89.6,106.11,12.4,142.95
45:11.9,-42.9,106.11,20.95,142.95
45:11.9,2.7,106.11,37.1,142.95
45:11.9,56.75,106.11,47.45,142.95
45:11.9,104.9,106.11,47.25,142.95
45:11.9,149.6,106.11,69.5,142.95
45:11.9,194.2,106.11,73.45,142.95
45:11.9,215.9,102.67,74.25,142.95
45:11.9,229.6,102.67,86.65,142.95
45:11.9,243.4,102.67,86.35,142.95
45:11.9,235.45,102.67,79.05,142.95
45:12.0,243.85,102.67,73.75,142.95
45:12.0,232.6,102.67,78.7,142.95
45:12.0,219.55,102.67,68.5,142.95
45:12.0,199.4,102.67,62.75,142.95
45:12.0,182.7,102.67,68.75,142.95
45:12.0,180,102.67,58.2,142.95
45:12.0,170.1,102.67,51.05,142.95
45:12.0,172.4,102.67,47.15,142.95
45:12.0,179.2,102.67,36.65,142.95
45:12.0,175.45,102.67,34.15,142.95
45:12.1,163.1,102.67,28.15,142.95
45:12.1,153.15,102.67,23.05,142.95
45:12.1,129,102.67,13.85,142.95
45:12.1,119.85,102.67,8.85,142.95
45:12.1,87,102.67,6.15,142.95
45:12.1,70.9,102.67,4.85,142.95
45:12.1,49.85,102.67,0.95,142.95
45:12.1,34.3,102.67,-6.7,142.95
45:12.1,11.8,102.67,1.5,142.95
45:12.1,-17.3,102.67,1.6,142.95
45:12.2,-37.4,102.67,6.45,142.95
45:12.2,-48.8,102.67,13.5,142.95
45:12.2,-51.9,102.67,4.8,142.95
45:12.2,-55,102.67,16.5,142.95
45:12.2,-67.35,102.67,13.95,142.95
45:12.2,-69.6,102.67,19.85,142.95
45:12.2,-72.95,102.67,19.65,142.95
45:12.2,-69.05,102.67,25.25,142.95
45:12.2,-76.9,102.67,25.55,142.95
45:12.2,-82.1,102.67,27.85,142.95
45:12.3,-91.85,102.67,31.85,142.95
45:12.3,-98.2,102.67,26.05,142.95
45:12.3,-106.85,102.67,29.7,142.95
45:12.3,-127.45,102.67,34.9,142.95
45:12.3,-136.9,102.67,40.65,142.95
45:12.3,-141.7,102.67,27.95,142.95
45:12.3,-146.2,102.67,21.35,142.95
45:12.3,-145.45,102.67,23.15,142.95
45:12.3,-143.95,102.67,26.1,142.95
45:12.3,-138.35,102.67,21.2,142.95
45:12.4,-138.05,102.67,10.05,142.95
45:12.4,-130.05,102.67,9.25,142.95
45:12.4,-133.35,102.67,20.35,142.95
45:12.4,-133.1,102.67,8.6,142.95
45:12.4,-146.1,102.67,13.4,142.95
45:12.4,-142.7,102.67,8.7,142.95
45:12.4,-139,102.67,0.4,142.95
45:12.4,-134.7,102.67,22.25,142.95
45:12.4,-130.5,102.67,-3.55,142.95
45:12.4,-124.45,102.67,10.1,142.95
45:12.5,-121.7,102.67,-7.1,142.95
45:12.5,-107.75,102.67,2,142.95
45:12.5,-108.05,102.67,1.4,142.95
45:12.5,-94.1,102.67,-2.6,142.95
45:12.5,-86.1,102.67,-8.8,142.95
45:12.5,-75.05,102.67,-13.25,142.95
45:12.5,-71.6,102.67,-13.85,142.95
45:12.5,-65.65,102.67,-11.3,142.95
45:12.5,-61.1,102.67,-13.3,142.95
45:12.5,-68.1,102.67,-16.2,142.95
45:12.6,-61.6,102.67,-7.95,142.95
45:12.6,-69.45,102.67,-17.15,142.95
45:12.6,-80.1,102.67,-4.25,142.95
45:12.6,-102.75,102.67,-11.45,142.95
45:12.6,-146.95,102.67,-3.65,142.95
45:12.6,-172.75,102.67,-16.3,142.95
45:12.6,-201.9,102.67,-12.45,142.95
45:12.6,-237,102.67,-8.5,142.95
45:12.6,-274.8,102.67,-9.7,142.95
45:12.6,-295.95,102.67,-20.5,142.95
45:12.7,-315.6,102.67,-22.95,142.95
45:12.7,-323.65,102.67,-12.35,142.95
45:12.7,-302.3,102.67,-7.9,142.95
45:12.7,-273.15,102.67,5.7,142.95
45:12.7,-243.5,102.67,5,142.95
45:12.7,-179.95,102.67,14.55,142.95
45:12.7,-134.05,102.67,25.45,142.95
45:12.7,-72.55,102.67,31.1,142.95
45:12.7,-25.85,102.67,49.55,142.95
45:12.7,18.45,102.67,28.75,142.95
45:12.8,69.6,102.67,34.95,142.95
45:12.8,119.75,105.02,42.15,142.95
45:12.8,155.35,105.02,42.8,142.95
45:12.8,198.2,105.02,41,142.95
45:12.8,233.3,105.02,29.05,142.95
45:12.8,273.05,105.02,30.2,142.95
45:12.8,309.15,105.02,33.2,142.95
45:12.8,337.35,105.02,32.2,142.95
45:12.8,374.65,105.02,27.2,142.95
45:12.8,383.05,105.02,34,142.95
45:12.9,396.1,105.02,17.25,142.95
45:12.9,386.3,105.02,20.6,142.95
45:12.9,385.6,105.02,21.85,142.95
45:12.9,367.25,105.02,13.05,142.95
45:12.9,346.4,105.02,11.15,142.95
45:12.9,325.9,105.02,5.9,142.95
45:12.9,291.7,105.02,5.2,142.95
45:12.9,257.8,105.02,14.3,142.95
45:12.9,215.1,105.02,1.1,142.95
45:12.9,169.85,105.02,-19.05,142.95
45:13.0,127.5,105.02,1.15,142.95
45:13.0,92.9,105.02,-3.9,142.95
45:13.0,57.6,105.02,9.5,142.95
45:13.0,16.6,105.02,-2.45,142.95
45:13.0,-12.7,105.02,-13.35,142.95
45:13.0,-33.15,105.02,-10.2,142.95
45:13.0,-63.05,105.02,-8.8,142.95
45:13.0,-82.9,105.02,-2.6,142.95
45:13.0,-113.2,105.02,-9.15,142.95
45:13.0,-123.1,105.02,-13.85,142.95
45:13.1,-124.45,105.02,-13.2,142.95
45:13.1,-124.25,105.02,-16.95,142.95
45:13.1,-104.85,105.02,-9.75,142.95
45:13.1,-96.5,105.02,-9.8,142.95
45:13.1,-85.4,105.02,-17.35,142.95
45:13.1,-86.9,105.02,-9.4,142.95
45:13.1,-83,105.02,-18.85,142.95
45:13.1,-94,105.02,-16.75,142.95
45:13.1,-84.5,105.02,-11.5,142.95
45:13.1,-87.15,105.02,-15.05,142.95
45:13.2,-81.4,105.02,-16.4,142.95
45:13.2,-81.7,105.02,-13.1,142.95
45:13.2,-67.95,105.02,-13,142.95
45:13.2,-63.2,105.02,-21,142.95
45:13.2,-59,105.02,-18.6,142.95
45:13.2,-61.7,105.02,-18.95,142.95
45:13.2,-64.95,105.02,-9.65,142.95
45:13.2,-81.7,105.02,-10.9,142.95
45:13.2,-119.6,105.02,-19,142.95
45:13.2,-157.65,105.02,-25.95,142.95
45:13.3,-213.5,105.02,-17.25,142.95
45:13.3,-293.7,105.02,-20.55,142.95
45:13.3,-399.7,105.02,-11.9,142.95
45:13.3,-510.5,105.02,-30.25,142.95
45:13.3,-614.95,105.02,-37.55,142.95
45:13.3,-700.4,105.02,-26.9,142.95
45:13.3,-771.05,105.02,-23.85,142.95
45:13.3,-825.3,105.02,-26.55,142.95
45:13.3,-856.05,105.02,-28.8,142.95
45:13.3,-859.15,105.02,-36.7,142.95
45:13.4,-840.15,105.02,-34.7,142.95
45:13.4,-802.25,105.02,-25.9,142.95
45:13.4,-758.9,105.02,-27.95,142.95
45:13.4,-699.3,105.02,-39.75,142.95
45:13.4,-632.8,105.02,-27,142.95
45:13.4,-556.3,105.02,-33.85,142.95
45:13.4,-485.55,105.02,-34.1,142.95
45:13.4,-400.1,105.02,-34.3,142.95
45:13.4,-328.5,105.02,-31.95,142.95
45:13.4,-246.55,103.32,-40.45,142.95
45:13.5,-172.15,103.32,-34.7,142.95
45:13.5,-87.6,103.32,-32.15,142.95
45:13.5,-13.45,103.32,-30.15,142.95
45:13.5,58.35,103.32,-42.4,142.95
45:13.5,117.9,103.32,-36.3,142.95
45:13.5,190.7,103.32,-35.65,142.95
45:13.5,259.9,103.32,-21.5,142.95
45:13.5,341.95,103.32,-11.95,142.95
45:13.5,412.9,103.32,-7.75,142.95
45:13.5,460.8,103.32,-6.1,142.95
45:13.6,511.2,103.32,12.6,142.95
45:13.6,539.85,103.32,16.45,142.95
45:13.6,575.35,103.32,34.15,142.95
45:13.6,592.25,103.32,33.1,142.95
45:13.6,590.7,103.32,28.75,142.95
45:13.6,587.25,103.32,31.7,142.95
45:13.6,572.15,103.32,23.8,142.95
45:13.6,551.5,103.32,34.1,142.95
45:13.6,521.2,103.32,20,142.95
45:13.6,491.9,103.32,13.55,142.95
45:13.7,452,103.32,13.15,142.95
45:13.7,425.7,103.32,-1.6,142.95
45:13.7,394.2,103.32,1.35,142.95
45:13.7,352.45,103.32,-3.35,142.95
45:13.7,318,103.32,-16.3,142.95
45:13.7,285.05,103.32,-21.2,142.95
45:13.7,246.35,103.32,-28.2,142.95
45:13.7,204.45,103.32,-31.65,142.95
45:13.7,158.7,103.32,-33.85,142.95
45:13.7,114.45,103.32,-36.85,142.95
45:13.8,96.05,103.32,-41.6,142.95
45:13.8,67.35,103.32,-50.6,142.95
45:13.8,46.75,103.32,-46.7,142.95
45:13.8,43.75,103.32,-40.9,142.95
45:13.8,32.1,103.32,-46.8,142.95
45:13.8,48.45,103.32,-41.55,142.95
45:13.8,56.75,103.32,-42.4,142.95
45:13.8,80,103.32,-33.85,142.95
45:13.8,96.1,103.32,-43.25,142.95
45:13.8,109.25,103.32,-30.35,142.95
45:13.9,130.45,103.32,-32.1,142.95
45:13.9,161.8,103.32,-31.4,142.95
45:13.9,197.7,103.32,-36.05,142.95
45:13.9,215.4,103.32,-40.4,142.95
45:13.9,219.85,103.32,-43,142.95
45:13.9,234.45,103.32,-45.45,142.95
45:13.9,238.25,109.49,-54.55,142.95
45:13.9,249.4,109.49,-48.9,142.95
45:13.9,244.2,109.49,-53.9,142.95
45:13.9,247.95,109.49,-59.55,142.95
45:14.0,268.8,109.49,-60.25,142.95
45:14.0,275.65,109.49,-57.45,142.95
45:14.0,295.9,109.49,-58.35,142.95
45:14.0,323.8,109.49,-46.5,142.95
45:14.0,331.7,109.49,-61.15,142.95
45:14.0,334.2,109.49,-58.6,142.95
45:14.0,353.9,109.49,-57.1,142.95
45:14.0,348.8,109.49,-54.25,142.95
45:14.0,349.25,109.49,-51.95,142.95
45:14.0,335.8,109.49,-58.55,142.95
45:14.1,323.85,109.49,-50.55,142.95
45:14.1,303.45,109.49,-41.85,142.95
45:14.1,279.2,109.49,-43.25,142.95
45:14.1,263.85,109.49,-46.65,142.95
45:14.1,245.9,109.49,-49,142.95
45:14.1,227,109.49,-36.1,142.95
45:14.1,214.35,109.49,-34.75,142.95
45:14.1,190.05,109.49,-46.5,142.95
45:14.1,151.15,109.49,-37,142.95
45:14.1,122.75,109.49,-40.65,142.95
45:14.2,89.2,109.49,-37.55,142.95
45:14.2,61.7,109.49,-35.45,142.95
45:14.2,41.8,109.49,-33.55,142.95
45:14.2,32.6,109.49,-37.85,142.95
45:14.2,10,109.49,-35.1,142.95
45:14.2,-3.6,109.49,-39.1,142.95
45:14.2,-29.45,109.49,-35.3,142.95
45:14.2,-49,109.49,-25.95,142.95
45:14.2,-60.25,109.49,-22.75,142.95
45:14.2,-60.4,109.49,-24,142.95
45:14.3,-62.25,109.49,-23.05,142.95
45:14.3,-37.65,109.49,-22.8,142.95
45:14.3,-16.75,109.49,-15.15,142.95
45:14.3,15.25,109.49,-12.95,142.95
45:14.3,33.85,109.49,-16.85,142.95
45:14.3,60.5,109.49,-18.15,142.95
45:14.3,97.9,109.49,-6.1,142.95
45:14.3,132.45,109.49,6.5,142.95
45:14.3,164.35,109.49,20.65,142.95
45:14.3,197.85,109.49,17.55,142.95
45:14.4,211.45,101.47,30.7,142.95
45:14.4,241.4,101.47,32.6,142.95
45:14.4,256.6,101.47,39.95,142.95
45:14.4,260.95,101.47,37.85,142.95
45:14.4,269.35,101.47,30,142.95
45:14.4,250.5,101.47,33.45,142.95
45:14.4,253.4,101.47,24.25,142.95
45:14.4,249.5,101.47,9.05,142.95
45:14.4,215.6,101.47,20.2,142.95
45:14.4,190.75,101.47,3.9,142.95
45:14.5,171.5,101.47,6.3,142.95
45:14.5,165.55,101.47,-2.1,142.95
45:14.5,152.15,101.47,-4.2,142.95
45:14.5,135.15,101.47,-8.15,142.95
45:14.5,116.05,101.47,-8.45,142.95
45:14.5,109.7,101.47,-17.55,142.95
45:14.5,84.75,101.47,-14.35,142.95
45:14.5,71.65,101.47,-9.8,142.95
45:14.5,52.8,101.47,-23.8,142.95
45:14.5,39.25,101.47,-22.95,142.95
45:14.6,26.15,101.47,-23.3,142.95
45:14.6,12.6,101.47,-25.3,142.95
45:14.6,7.6,101.47,-34.25,142.95
45:14.6,13.15,101.47,-27.4,142.95
45:14.6,10.05,101.47,-27.7,142.95
45:14.6,12.65,101.47,-24.7,142.95
45:14.6,22.8,101.47,-20.15,142.95
45:14.6,33.25,101.47,-16.4,142.95
45:14.6,49.15,101.47,-15.9,142.95
45:14.6,55.4,101.47,-20.8,142.95
45:14.7,69.85,101.47,-8.05,142.95
45:14.7,95.55,101.47,-8.55,142.95
45:14.7,113.45,101.47,8.1,142.95
45:14.7,117.95,101.47,1.95,142.95
45:14.7,121.9,101.47,1.9,142.95
45:14.7,103.1,101.47,10.05,142.95
45:14.7,84.5,101.47,11.35,142.95
45:14.7,55.2,101.47,-0.45,142.95
45:14.7,19.2,101.47,0,142.95
45:14.7,-16.3,101.47,-0.5,142.95
45:14.8,-50.35,101.47,-2,142.95
45:14.8,-66.95,101.47,-3.6,142.95
45:14.8,-128.35,101.47,-5.7,142.95
45:14.8,-130.95,101.47,-4.65,142.95
45:14.8,-152.25,101.47,-16.15,142.95
45:14.8,-161.5,101.47,-6.15,142.95
45:14.8,-172.2,101.47,-17.45,142.95
45:14.8,-165.2,101.47,-3.35,142.95
45:14.8,-170.45,101.47,-19.5,142.95
45:14.8,-188.65,101.47,-17.1,142.95
45:14.9,-190.1,101.47,-31.35,142.95
45:14.9,-205.35,101.47,-21.15,142.95
45:14.9,-212.05,101.47,-12.5,142.95
45:14.9,-216.85,101.47,-28.3,142.95
45:14.9,-220.7,101.47,-25.2,142.95
45:14.9,-231.4,101.47,-22.7,142.95
45:14.9,-216.25,101.47,-23.95,142.95
45:14.9,-223.7,101.47,-18.05,142.95
45:14.9,-212.15,101.47,-18.05,142.95
45:14.9,-214,101.47,-30.35,142.95
45:15.0,-222.9,101.47,-27.75,142.95
45:15.0,-194.9,101.47,-36.65,142.95
45:15.0,-191.3,101.47,-29.85,142.95
45:15.0,-156.8,101.47,-23.2,142.95
45:15.0,-128.2,101.47,-31.6,142.95
45:15.0,-62.95,101.47,-30.4,142.95
45:15.0,10.2,101.47,-38.25,142.95
45:15.0,90.55,101.47,-20.15,142.95
45:15.0,184.45,101.47,-30.25,142.95
45:15.0,257.9,101.47,-34.85,142.95
45:15.1,374.15,101.71,-32.25,142.95
45:15.1,440.55,101.71,-41.55,142.95
45:15.1,496.65,101.71,-35.6,142.95
45:15.1,547.45,101.71,-34.45,142.95
45:15.1,551.1,101.71,-31.25,142.95
45:15.1,552.15,101.71,-32.8,142.95
45:15.1,530,101.71,-24.8,142.95
45:15.1,494.1,101.71,-18.75,142.95
45:15.1,456.5,101.71,-2.5,142.95
45:15.1,413.75,101.71,13.25,142.95
45:15.2,371.4,101.71,24.45,142.95
45:15.2,333.15,101.71,44,142.95
45:15.2,285.35,101.71,55.1,142.95
45:15.2,233.85,101.71,47.7,142.95
45:15.2,186.3,101.71,54.3,142.95
45:15.2,149.3,101.71,50.85,142.95
45:15.2,94.55,101.71,50.7,142.95
45:15.2,49.35,101.71,44.5,142.95
45:15.2,-0.8,101.71,50.2,142.95
45:15.2,-34.25,101.71,37.95,142.95
45:15.3,-62.4,101.71,33.75,142.95
45:15.3,-80.7,101.71,22.3,142.95
45:15.3,-77.3,101.71,19.9,142.95
45:15.3,-56.9,101.71,14.5,142.95
45:15.3,-21.45,101.71,10.15,142.95
45:15.3,40.7,101.71,5.6,142.95
45:15.3,122.3,101.71,9.9,142.95
45:15.3,205.45,101.71,4.45,142.95
45:15.3,282.2,101.71,7.4,142.95
45:15.3,342.95,101.71,-1.55,142.95
45:15.4,423.55,101.71,-7.7,142.95
45:15.4,476.4,101.71,-9.7,142.95
45:15.4,513.65,101.71,-4.3,142.95
45:15.4,511.9,101.71,-14.65,142.95
45:15.4,501.65,122.89,-8.8,142.95
45:15.4,431.4,122.89,-15.6,142.95
45:15.4,343.05,122.89,-19.95,142.95
45:15.4,229.3,122.89,-22.3,142.95
45:15.4,113.85,122.89,-14.5,142.95
45:15.4,-1.5,122.89,-13.15,142.95
45:15.5,-97.65,122.89,-14.7,142.95
45:15.5,-187.5,122.89,-14.6,142.95
45:15.5,-251.3,122.89,-24.85,142.95
45:15.5,-325.6,122.89,-5.15,142.95
45:15.5,-381.35,122.89,-21.6,142.95
45:15.5,-418.8,122.89,-9.65,142.95
45:15.5,-467.85,122.89,-12.1,142.95
45:15.5,-510.15,122.89,-16.35,142.95
45:15.5,-555.25,122.89,-12.4,142.95
45:15.5,-597.5,122.89,-12.7,142.95
45:15.6,-626.85,122.89,-0.8,142.95
45:15.6,-635.2,122.89,-15.2,142.95
45:15.6,-624.8,122.89,-13.35,142.95
45:15.6,-590.55,122.89,-22.5,142.95
45:15.6,-534.8,122.89,-28.95,142.95
45:15.6,-443.6,122.89,-23,142.95
45:15.6,-347.45,122.89,-21.35,142.95
45:15.6,-247.35,122.89,-18.95,142.95
45:15.6,-151.7,122.89,-19.15,142.95
45:15.6,-80.8,122.89,-8.8,142.95
45:15.7,-18.7,122.89,-6.65,142.95
45:15.7,7.35,122.89,-15.05,142.95
45:15.7,41.9,122.89,-2.65,142.95
45:15.7,46.55,122.89,-12.7,142.95
45:15.7,40.45,122.89,-8.8,142.95
45:15.7,39.9,122.89,-11.15,142.95
45:15.7,17,122.89,-12.55,142.95
45:15.7,-32,122.89,-8.4,142.95
45:15.7,-88.3,122.89,-11.9,142.95
45:15.7,-150.85,122.89,-19.05,142.95
45:15.8,-217.25,122.89,-7.15,142.95
45:15.8,-275.2,122.89,-18.4,142.95
45:15.8,-317.8,122.89,-24.25,142.95
45:15.8,-377.05,122.89,-29.3,142.95
45:15.8,-417.75,122.89,-22.1,142.95
45:15.8,-465.35,122.89,-28.3,142.95
45:15.8,-492.15,122.89,-36,142.95
45:15.8,-500.3,122.89,-28.9,142.95
45:15.8,-521.7,122.89,-33.55,142.95
45:15.8,-513.55,122.89,-30.75,142.95
45:15.9,-507.7,122.89,-18.4,142.95
45:15.9,-514.95,122.89,-21.3,142.95
45:15.9,-504.45,122.89,-22.4,142.95
45:15.9,-484,122.89,-8.7,142.95
45:15.9,-467.8,122.89,-6.85,142.95
45:15.9,-443.85,122.89,-14.7,142.95
45:15.9,-391.7,122.89,-10.8,142.95
45:15.9,-332.2,122.89,-13.5,142.95
45:15.9,-275.75,122.89,-11.45,142.95
45:15.9,-217,122.89,-9.85,142.95
45:16.0,-148.9,122.89,-3.95,142.95
45:16.0,-76.55,126.29,0.15,142.95
45:16.0,-10.15,126.29,18.9,142.95
45:16.0,62.7,126.29,19.25,142.95
45:16.0,127.9,126.29,23.65,142.95
45:16.0,184.95,126.29,35,142.95
45:16.0,218.6,126.29,50.9,142.95
45:16.0,237.15,126.29,52.8,142.95
45:16.0,232.65,126.29,59.8,142.95
45:16.0,203.6,126.29,71,142.95
45:16.1,185.1,126.29,76.2,142.95
45:16.1,135.85,126.29,81.6,142.95
45:16.1,99.9,126.29,72.95,142.95
45:16.1,49.45,126.29,68.85,142.95
45:16.1,-5.5,126.29,54.25,142.95
45:16.1,-44.4,126.29,54.85,142.95
45:16.1,-94.1,126.29,52.4,142.95
45:16.1,-119.2,126.29,50.5,142.95
45:16.1,-141.7,126.29,49.35,142.95
45:16.1,-144.2,126.29,44.15,142.95
45:16.2,-138.3,126.29,42.9,142.95
45:16.2,-132.4,126.29,42.5,142.95
45:16.2,-120.75,126.29,35.15,142.95
45:16.2,-124.75,126.29,38.4,142.95
45:16.2,-126.45,126.29,33.85,142.95
45:16.2,-134.45,126.29,30.85,142.95
45:16.2,-144.45,126.29,26.8,142.95
45:16.2,-134.95,126.29,23.95,142.95
45:16.2,-156.3,126.29,16.85,142.95
45:16.2,-184.3,126.29,13.6,142.95
45:16.3,-192.3,126.29,21.35,142.95
45:16.3,-197,126.29,25.35,142.95
45:16.3,-201.7,126.29,19.4,142.95
45:16.3,-206.2,126.29,24.15,142.95
45:16.3,-204.15,126.29,12.85,142.95
45:16.3,-201.8,126.29,19.4,142.95
45:16.3,-188.45,126.29,16.15,142.95
45:16.3,-190.2,126.29,19.8,142.95
45:16.3,-188.2,126.29,26.25,142.95
45:16.3,-198.8,126.29,24.7,142.95
45:16.4,-203.85,126.29,23.35,142.95
45:16.4,-208.4,126.29,16.55,142.95
45:16.4,-205.55,126.29,29.85,142.95
45:16.4,-199.4,126.29,31.4,142.95
45:16.4,-187.3,126.29,21.4,142.95
45:16.4,-171.95,126.29,23.3,142.95
45:16.4,-152.85,126.29,21.2,142.95
45:16.4,-135.05,126.29,21.05,142.95
45:16.4,-119.2,126.29,6.35,142.95
45:16.4,-126.6,126.29,10.3,142.95
45:16.5,-119.1,126.29,6.85,142.95
45:16.5,-116.3,126.29,-10.45,142.95
45:16.5,-117.05,126.29,4.25,142.95
45:16.5,-114.5,126.29,-3.35,142.95
45:16.5,-96.1,126.29,-3.45,142.95
45:16.5,-75,126.29,-6.95,142.95
45:16.5,-42.2,126.29,-4.65,142.95
45:16.5,-3.85,126.29,5.4,142.95
45:16.5,7.55,126.29,11.55,142.95
45:16.5,19.2,126.29,-7.3,142.95
45:16.6,40.7,126.29,-1.4,142.95
45:16.6,20.1,126.29,2.05,142.95
45:16.6,5.4,120.43,7.05,142.95
45:16.6,-16.85,120.43,5.35,142.95
45:16.6,-21.25,120.43,-0.45,142.95
45:16.6,-3.75,120.43,0.9,142.95
45:16.6,11.95,120.43,7.9,142.95
45:16.6,37.25,120.43,9.9,142.95
45:16.6,60.2,120.43,3.55,142.95
45:16.6,71.2,120.43,-3.15,142.95
45:16.7,80.1,120.43,11.3,142.95
45:16.7,93.4,120.43,-2.45,142.95
45:16.7,84.05,120.43,-3.35,142.95
45:16.7,71.4,120.43,2.1,142.95
45:16.7,65,120.43,9.2,142.95
45:16.7,35.3,120.43,2.45,142.95
45:16.7,9.85,120.43,-3.85,142.95
45:16.7,-17.7,120.43,-6.45,142.95
45:16.7,-38.9,120.43,-8.55,142.95
45:16.7,-76.7,120.43,3.75,142.95
45:16.8,-88.7,120.43,-8.05,142.95
45:16.8,-85.8,120.43,6.6,142.95
45:16.8,-87.5,120.43,-6.8,142.95
45:16.8,-70.25,120.43,-5.35,142.95
45:16.8,-45.6,120.43,-8.05,142.95
45:16.8,-11.9,120.43,-2.95,142.95
45:16.8,21.75,120.43,11.75,142.95
45:16.8,67.25,120.43,30.55,142.95
45:16.8,109.65,120.43,29.05,142.95
45:16.8,161.85,120.43,43.35,142.95
45:16.9,202.3,120.43,67.05,142.95
45:16.9,248.9,120.43,66.9,142.95
45:16.9,294.45,120.43,81.7,142.95
45:16.9,332.05,120.43,83.45,142.95
45:16.9,343.25,120.43,73.85,142.95
45:16.9,366.05,120.43,84.15,142.95
45:16.9,381.75,128.46,69.6,142.95
45:16.9,406.45,128.46,62,142.95
45:16.9,397,128.46,61.95,142.95
45:16.9,379.7,128.46,49.9,142.95
45:17.0,344.6,128.46,45.2,142.95
45:17.0,269.6,128.46,40.25,142.95
45:17.0,132.85,128.46,33.65,142.95
45:17.0,-49.85,128.46,33.8,142.95
45:17.0,-267.7,128.46,23.05,142.95
45:17.0,-502.65,128.46,23.25,142.95
45:17.0,-736,128.46,14.4,142.95
45:17.0,-936.05,128.46,22.9,142.95
45:17.0,-1090.55,128.46,17.45,142.95
45:17.0,-1203.4,128.46,22.4,142.95
45:17.1,-1267.1,128.46,14.95,142.95
45:17.1,-1252.85,128.46,26,142.95
45:17.1,-1173.65,128.46,23.1,142.95
45:17.1,-1091.75,128.46,19.65,142.95
45:17.1,-1008.4,128.46,16.05,142.95
45:17.1,-922.85,128.46,20,142.95
45:17.1,-835.3,128.46,18.5,142.95
45:17.1,-745.1,128.46,16.9,142.95
45:17.1,-653.85,128.46,16.55,142.95
45:17.1,-561.8,128.46,17.7,142.95
45:17.2,-469.8,128.46,18.75,142.95
45:17.2,-278.3,128.46,13,142.95
45:17.2,-55.85,128.46,17.85,142.95
45:17.2,209.7,128.46,16,142.95
45:17.2,479.65,128.46,17.7,142.95
45:17.2,770.1,128.46,16.65,142.95
45:17.2,1044.8,128.46,11.55,142.95
45:17.2,1293.65,128.46,7.25,142.95
45:17.2,1494.5,128.46,3.05,142.95
45:17.2,1661.45,128.46,-2.45,142.95
45:17.3,1777.15,146.61,0.6,142.95
45:17.3,1859.2,146.61,-4.4,142.95
45:17.3,1882.25,146.61,-5.4,142.95
45:17.3,1846.95,146.61,-4.55,142.95
45:17.3,1795.85,146.61,-10.5,142.95
45:17.3,1796.95,146.61,-20.65,142.95
45:17.3,1821.6,146.61,-3.65,142.95
45:17.3,1839.65,146.61,-3.65,142.95
45:17.3,1878.5,146.61,-20.7,142.95
45:17.3,1883.35,146.61,-31,142.95
45:17.4,1853.5,146.61,-32,142.95
45:17.4,1672.1,146.61,-31.15,142.95
45:17.4,1480.25,146.61,-35.6,142.95
45:17.4,1299.05,146.61,-44.45,142.95
45:17.4,1129.85,146.61,-50.6,142.95
45:17.4,975,146.61,-60,142.95
45:17.4,835.1,146.61,-61.25,142.95
45:17.4,710.2,146.61,-69,142.95
45:17.4,599.1,146.61,-74.35,142.95
45:17.4,501.2,146.61,-76.55,142.95
45:17.5,414.85,146.61,-93.35,142.95
45:17.5,339.05,146.61,-95.9,142.95
45:17.5,271.25,146.61,-118.9,142.95
45:17.5,208.8,146.61,-125.05,142.95
45:17.5,151.15,146.61,-138.3,142.95
45:17.5,101.3,146.61,-155.65,142.95
45:17.5,60.9,146.61,-174.5,142.95
45:17.5,30.1,146.61,-179.35,142.95
45:17.5,10.5,146.61,-194.55,142.95
45:17.5,0.9,146.61,-212.6,142.95
45:17.6,0,146.61,-225.25,142.95
45:17.6,0,146.61,-227.85,142.95
45:17.6,0,146.61,-235.4,142.95
45:17.6,0,146.61,-260.2,142.95
45:17.6,0,146.61,-239.45,142.95
45:17.6,0,146.61,-236.45,142.95
45:17.6,0,146.61,-226.15,142.95
45:17.6,0,146.61,-209.25,142.95
45:17.6,0,146.61,-186.95,142.95
45:17.6,0,146.61,-179.35,142.95
45:17.7,-117.8,146.61,-145.65,142.95
45:17.7,-440.3,146.61,-136.9,142.95
45:17.7,-802.5,146.61,-106.4,142.95
45:17.7,-1134.9,146.61,-97.3,142.95
45:17.7,-1474.1,146.61,-85.2,142.95
45:17.7,-1830.1,146.61,-65.8,142.95
45:17.7,-2170.5,146.61,-42.6,142.95
45:17.7,-2458.8,146.61,-32.35,142.95
45:17.7,-2654.7,146.61,-11.25,142.95
45:17.7,-2761.9,146.61,-6.75,142.95
45:17.8,-2783.15,146.61,-9.35,142.95
45:17.8,-2718.4,146.61,-1.2,142.95
45:17.8,-2513.65,146.61,16.8,142.95
45:17.8,-2308.9,146.61,20.3,142.95
45:17.8,-2104.15,146.61,30.25,142.95
45:17.8,-1899.4,146.61,29.25,142.95
45:17.8,-1694.65,146.61,27.65,142.95
45:17.8,-1489.9,146.61,42.9,142.95
45:17.8,-1285.15,146.61,23.1,142.95
45:17.8,-1080.4,146.61,52.9,142.95
45:17.9,-881.85,131.31,48.45,142.95
45:17.9,-700.6,131.31,54.9,142.95
45:17.9,-539.65,131.31,50.05,142.95
45:17.9,-398.5,131.31,54.35,142.95
45:17.9,-278.55,131.31,61.8,142.95
45:17.9,-181.8,131.31,57.45,142.95
45:17.9,-108.65,131.31,64.05,142.95
45:17.9,-57.6,131.31,74.75,142.95
45:17.9,-24.95,131.31,80.45,142.95
45:17.9,-7,131.31,81.6,142.95
45:18.0,0,131.31,83.8,142.95
45:18.0,0,131.31,80.9,142.95
45:18.0,0,131.31,89.9,142.95
45:18.0,0,131.31,96.3,142.95
45:18.0,0,131.31,87.25,142.95
45:18.0,0,131.31,87.75,142.95
45:18.0,0,131.31,95.4,142.95
45:18.0,0,131.31,95.5,142.95
45:18.0,0,131.31,86.65,142.95
45:18.0,0,131.31,71.85,142.95
45:18.1,0,131.31,69.7,142.95
45:18.1,0,131.31,62.1,142.95
45:18.1,0,131.31,57.3,142.95
45:18.1,0,131.31,45.2,142.95
45:18.1,0,131.31,47.3,142.95
45:18.1,0,131.31,36.65,142.95
45:18.1,0,131.31,38.2,142.95
