wall_time,elapsed_s,marker,beat_id,footL_idx,peakL_idx,footR_idx,peakR_idx,RT_L_ms,RT_R_ms,DeltaRT_ms,AUSP_L,AUSP_R,AUSPR,DeltaTD_ms,DeltaTD_ms_signed,HSI,risk,baseL,baseR,alpha_used,auto_baseline_active,Amp_L,Amp_R,AmpRatio,AmpNorm_L,AmpNorm_R,AmpRatio_norm,dir_amp,PAD_ms,PAD_sign,PWTT_sigma10
2025-10-31T19:18:07,0.922,baseline,1,32,39,31,38,140.0,140.0,0.0,0.143837,0.170657,1.186463,20.0,-20.0,0.0,OK,103.2673,205.3477,0.1,0,1286.889826,1459.432787,1.134077,,,,BAL,20.0,-,
2025-10-31T19:18:07,1.593,baseline,2,65,72,64,71,140.0,140.0,0.0,0.207793,0.2185,1.118996,20.0,-20.0,0.0,OK,126.7348,284.7182,0.1,0,1083.979496,1300.374525,1.19963,,,,BAL,20.0,-,
2025-10-31T19:18:08,2.25,baseline,3,97,104,96,103,140.0,140.0,0.0,0.282625,0.179447,1.051529,20.0,-20.0,0.0,OK,168.6284,303.31,0.1,0,1032.381333,1325.546667,1.28397,,,,BAL,20.0,-,0.0
2025-10-31T19:18:09,2.859,baseline,4,128,135,127,134,140.0,140.0,0.0,0.184272,0.090157,0.843229,20.0,-20.0,0.0,OK,190.0318,280.7927,0.1,0,1170.888,1414.858667,1.208364,,,,BAL,20.0,-,0.0
2025-10-31T19:18:09,3.515,baseline,5,160,167,159,166,140.0,140.0,0.0,0.111655,0.05723,0.63493,20.0,-20.0,0.0,WARN,186.2851,246.7372,0.1,0,1217.037333,1427.573333,1.172991,,,,BAL,20.0,-,0.0
2025-10-31T19:18:10,4.109,baseline,6,192,199,191,198,140.0,140.0,0.0,0.079544,0.027252,0.512565,20.0,-20.0,0.20900464341019723,WARN,175.3998,215.0659,0.1,0,1258.944,1409.666667,1.119722,1.054425,0.998162,0.946641,BAL,20.0,-,0.0
2025-10-31T19:18:11,4.828,baseline,7,226,233,224,231,140.0,140.0,0.0,0.180875,0.091118,0.503765,40.0,-40.0,0.44469545773599584,WARN,175.7102,205.2449,0.1,0,1054.016,1431.248,1.3579,0.900185,1.011584,1.123751,BAL,40.0,-,6.999
2025-10-31T19:18:11,5.437,baseline,8,258,265,257,264,140.0,140.0,0.0,0.194789,0.199896,0.503765,20.0,-20.0,0.111865517216667,WARN,183.2984,214.4474,0.1,0,1107.664,1333.362667,1.203761,0.972253,0.944132,0.971077,BAL,20.0,-,6.614
2025-10-31T19:18:12,6.093,baseline,9,289,296,288,295,140.0,140.0,0.0,0.20787,0.208393,0.512565,20.0,-20.0,0.09112729243139031,WARN,195.214,229.1084,0.1,0,1091.933333,1356.816,1.242581,0.985798,0.962508,0.976375,BAL,20.0,-,6.285
2025-10-31T19:18:12,6.687,baseline,10,320,327,319,326,140.0,140.0,0.0,0.261499,0.208335,0.796694,20.0,-20.0,0.22111090985648338,OK,212.216,240.9723,0.1,0,1317.304,1540.914667,1.169749,1.156264,1.091096,0.943639,BAL,20.0,-,6.0
2025-10-31T19:18:13,7.359,baseline,11,350,357,349,356,140.0,140.0,0.0,0.211957,0.164829,0.796694,20.0,-20.0,0.3092547306990352,OK,225.5635,248.4877,0.1,0,1586.074667,1767.192,1.114192,1.354591,1.249024,0.922067,BAL,20.0,-,6.0
2025-10-31T19:18:14,7.89,baseline,12,380,387,379,386,140.0,140.0,0.0,0.089192,0.062254,0.796694,20.0,-20.0,0.8451733417235663,OK,219.6508,237.7897,0.1,0,1536.770667,1465.469333,0.953603,1.287118,1.031138,0.801121,BAL,20.0,-,6.0
2025-10-31T19:18:14,8.5,baseline,13,411,418,410,417,140.0,140.0,0.0,0.036918,0.031435,0.796694,20.0,-20.0,0.49487117876227454,OK,207.1616,223.5026,0.1,0,1422.592,1465.506667,1.030167,1.168898,1.026572,0.878239,BAL,20.0,-,6.0
2025-10-31T19:18:15,9.156,baseline,14,443,450,442,449,140.0,140.0,0.0,0.112437,0.112225,0.796694,20.0,-20.0,0.01778010273857888,OK,202.7335,218.224,0.1,0,1250.450667,1442.024,1.153203,1.013541,1.008824,0.995346,BAL,20.0,-,6.0
2025-10-31T19:18:16,9.812,baseline,15,475,482,474,481,140.0,140.0,0.0,0.149368,0.19119,0.851478,20.0,-20.0,0.21880525560926678,OK,204.1501,223.7141,0.1,0,1186.437333,1314.037333,1.107549,0.974857,0.920469,0.94421,BAL,20.0,-,6.0
2025-10-31T19:18:16,10.422,baseline,16,507,514,506,513,140.0,140.0,0.0,0.148302,0.15865,0.998113,20.0,-20.0,0.21423441372488147,OK,216.4207,239.9014,0.1,0,999.432,1117.36,1.117995,0.831656,0.7862,0.945343,BAL,20.0,-,6.0
2025-10-31T19:18:17,11.14,baseline,17,541,548,539,546,140.0,140.0,0.0,0.18472,0.138599,0.998113,40.0,-40.0,0.8559950645881179,OK,227.084,235.0864,0.1,0,765.733333,1143.090667,1.492805,0.645406,0.807919,1.2518,BAL,40.0,-,6.0
2025-10-31T19:18:18,11.797,baseline,18,574,581,572,579,140.0,140.0,0.0,0.144679,0.105129,0.998113,40.0,-40.0,0.842299285244983,OK,230.7681,222.1489,0.1,0,800.114667,1195.784,1.494516,0.678833,0.846715,1.24731,BAL,40.0,-,8.0
2025-10-31T19:18:18,12.453,baseline,19,608,615,606,613,140.0,140.0,0.0,0.111852,0.087575,0.782961,40.0,-40.0,0.4978585201875316,OK,223.5026,210.0706,0.1,0,785.072,1077.056,1.37192,0.670493,0.76405,1.139535,BAL,40.0,-,9.165
2025-10-31T19:18:19,13.109,baseline,20,642,649,640,647,140.0,140.0,0.0,0.087862,0.064344,0.750318,40.0,-40.0,0.2907205929812231,OK,217.4996,206.3444,0.1,0,898.088,1176.829333,1.310372,0.788297,0.850777,1.079259,BAL,40.0,-,9.798
2025-10-31T19:18:20,13.828,baseline,21,676,683,675,682,140.0,140.0,0.0,0.072466,0.094519,0.750318,20.0,-20.0,0.3408506099734884,OK,216.7658,209.1165,0.1,0,953.098667,1067.610667,1.120147,0.860458,0.78685,0.914455,BAL,20.0,-,9.798
2025-10-31T19:18:20,14.5,baseline,22,710,717,708,715,140.0,140.0,0.0,0.086928,0.057933,0.732328,40.0,-40.0,0.29044766675642575,OK,218.3078,213.4456,0.1,0,897.613333,1017.261333,1.133296,0.816162,0.756278,0.926628,BAL,40.0,-,10.0
2025-10-31T19:18:21,15.156,baseline,23,742,749,741,748,140.0,140.0,0.0,0.131435,0.166263,0.782961,20.0,-20.0,0.26114640876439943,OK,216.523,216.5142,0.1,0,872.165333,994.477333,1.140239,0.798735,0.745842,0.933779,BAL,20.0,-,10.0
2025-10-31T19:18:22,15.75,baseline,24,773,780,772,779,140.0,140.0,0.0,0.158552,0.191729,1.209255,20.0,-20.0,0.2702146914727105,OK,214.9208,216.532,0.1,0,1107.722667,1247.389333,1.126085,1.007205,0.938271,0.93156,BAL,20.0,-,10.0
2025-10-31T19:18:22,16.406,baseline,25,805,812,803,810,140.0,140.0,0.0,0.153596,0.114305,1.209255,40.0,-40.0,0.32044276392007687,OK,209.1515,209.0762,0.1,0,936.288,1236.290667,1.320417,0.857459,0.932665,1.087708,BAL,40.0,-,9.798
2025-10-31T19:18:23,17.015,baseline,26,836,843,835,842,140.0,140.0,0.0,0.100691,0.106673,1.059408,20.0,-20.0,0.10832679424175609,OK,194.9257,195.4635,0.1,0,1040.637333,1227.016,1.1791,0.956506,0.929704,0.971979,BAL,20.0,-,9.798
2025-10-31T19:18:23,17.672,baseline,27,868,875,867,874,140.0,140.0,0.0,0.175334,0.127247,1.059408,20.0,-20.0,0.027023784284376445,OK,187.8768,185.4274,0.1,0,993.973333,1196.416,1.20367,0.916967,0.910489,0.992935,BAL,20.0,-,10.0
2025-10-31T19:18:24,18.281,baseline,28,899,906,898,905,140.0,140.0,0.0,0.148227,0.126043,0.850341,20.0,-20.0,0.2681684045236063,OK,194.2025,190.3136,0.1,0,949.933333,1246.282667,1.311969,0.888621,0.953394,1.072892,BAL,20.0,-,9.798
2025-10-31T19:18:25,18.937,baseline,29,931,938,930,937,140.0,140.0,0.0,0.172859,0.161561,0.850341,20.0,-20.0,0.05889521802932414,OK,206.1553,200.0475,0.1,0,907.688,1137.282667,1.252944,0.861171,0.874581,1.015572,BAL,20.0,-,9.165
2025-10-31T19:18:25,19.531,baseline,30,963,970,961,968,140.0,140.0,0.0,0.193347,0.147047,0.850341,40.0,-40.0,0.48367034386322916,OK,211.2817,204.1194,0.1,0,932.941333,1321.986667,1.417009,0.890784,1.011307,1.135301,BAL,40.0,-,9.165
2025-10-31T19:18:26,20.187,baseline,31,994,1001,993,1000,140.0,140.0,0.0,0.108976,0.132642,0.850341,20.0,-20.0,0.2655164339255994,OK,203.6755,192.371,0.1,0,1130.058667,1303.352,1.153349,1.072146,1.0,0.932709,BAL,20.0,-,9.165
2025-10-31T19:18:27,20.859,baseline,32,1027,1034,1026,1033,140.0,140.0,0.0,0.079743,0.111724,0.934637,20.0,-20.0,0.2771151422553597,OK,192.5051,180.7582,0.1,0,1108.570667,1255.384,1.132435,1.037019,0.964298,0.929875,BAL,20.0,-,8.0
2025-10-31T19:18:27,21.515,baseline,33,1061,1068,1060,1067,140.0,140.0,0.0,0.060112,0.116333,1.217164,20.0,-20.0,0.0750441199708025,OK,181.2768,175.3414,0.1,0,1025.170667,1289.936,1.258265,0.972633,0.991973,1.019884,BAL,20.0,-,8.0
2025-10-31T19:18:28,22.172,baseline,34,1095,1102,1094,1101,140.0,140.0,0.0,0.117188,0.146794,1.252629,20.0,-20.0,0.2009512339801516,OK,176.7898,175.0597,0.1,0,874.024,1139.357333,1.303577,0.834529,0.879707,1.054137,BAL,20.0,-,8.0
2025-10-31T19:18:29,22.843,baseline,35,1128,1135,1126,1133,140.0,140.0,0.0,0.27775,0.232062,1.252629,40.0,-40.0,0.8447461728434342,OK,185.4114,189.0344,0.1,0,785.914667,1215.898667,1.547113,0.755224,0.942604,1.248111,BAL,40.0,-,8.0
2025-10-31T19:18:29,23.5,baseline,36,1160,1167,1159,1166,140.0,140.0,0.0,0.223431,0.234751,1.252629,20.0,-20.0,0.04147666504538503,OK,195.8728,203.1298,0.1,0,967.026667,1174.496,1.214544,0.932965,0.922867,0.989177,BAL,20.0,-,8.0
2025-10-31T19:18:30,24.156,baseline,37,1193,1200,1191,1198,140.0,140.0,0.0,0.15533,0.098311,1.050667,40.0,-40.0,0.3380629015725075,OK,202.3598,206.9472,0.1,0,944.757333,1281.954667,1.356914,0.915124,1.0,1.092748,BAL,40.0,-,9.165
2025-10-31T19:18:31,24.812,baseline,38,1226,1233,1224,1231,140.0,140.0,0.0,0.105853,0.056387,0.835506,40.0,-40.0,0.11292224250688157,OK,203.974,206.0846,0.1,0,1029.285333,1322.624,1.284993,0.998498,1.028523,1.03007,BAL,40.0,-,9.798
2025-10-31T19:18:31,25.468,baseline,39,1259,1266,1258,1265,140.0,140.0,0.0,0.084852,0.09316,0.835506,20.0,-20.0,0.11023863210099412,OK,201.1316,198.8889,0.1,0,1057.178667,1359.682667,1.286143,1.02402,1.05407,1.029345,BAL,20.0,-,9.798
2025-10-31T19:18:32,26.14,baseline,40,1292,1299,1291,1298,140.0,140.0,0.0,0.122692,0.142499,1.050667,20.0,-20.0,0.324849752692214,OK,195.3599,187.6101,0.1,0,1034.845333,1182.293333,1.142483,1.001192,0.919396,0.918302,BAL,20.0,-,9.165
2025-10-31T19:18:33,26.734,baseline,41,1323,1330,1322,1329,140.0,140.0,0.0,0.153821,0.166657,1.083451,20.0,-20.0,0.4498252211014564,OK,198.4277,192.312,0.1,0,1189.194667,1317.32,1.107741,1.149152,1.021229,0.88868,BAL,20.0,-,9.165
2025-10-31T19:18:33,27.39,baseline,42,1355,1362,1354,1361,140.0,140.0,0.0,0.21607,0.205946,1.083451,20.0,-20.0,0.48577253690971656,OK,207.5511,201.5129,0.1,0,1264.981333,1389.845333,1.098708,1.218976,1.073111,0.880338,BAL,20.0,-,9.165
2025-10-31T19:18:34,28.0,baseline,43,1386,1393,1385,1392,140.0,140.0,0.0,0.148401,0.133024,1.083451,20.0,-20.0,0.7212451682052546,OK,207.1333,205.9566,0.1,0,1441.216,1490.448,1.03416,1.384936,1.146168,0.827597,BAL,20.0,-,9.165
2025-10-31T19:18:35,28.718,baseline,44,1419,1426,1418,1425,140.0,140.0,0.0,0.18146,0.154724,0.953144,20.0,-20.0,0.5310989326476373,OK,206.3033,205.2325,0.1,0,1322.802667,1430.418667,1.081355,1.263028,1.098747,0.869931,BAL,20.0,-,9.165
2025-10-31T19:18:35,29.312,baseline,45,1452,1459,1451,1458,140.0,140.0,0.0,0.188888,0.15749,0.896385,20.0,-20.0,0.672632317058223,OK,205.4248,203.4251,0.1,0,1344.458667,1393.541333,1.036507,1.275558,1.069198,0.83822,BAL,20.0,-,8.0
2025-10-31T19:18:36,30.031,baseline,46,1484,1491,1483,1490,140.0,140.0,0.0,0.164099,0.13901,0.852662,20.0,-20.0,0.7563946985182043,OK,206.6949,200.544,0.1,0,1387.202667,1410.242667,1.016609,1.31414,1.077595,0.82,BAL,20.0,-,8.0
2025-10-31T19:18:36,30.625,baseline,47,1516,1523,1515,1522,140.0,140.0,0.0,0.217035,0.186235,0.852662,20.0,-20.0,0.6777285072607845,OK,217.3675,207.8805,0.1,0,1526.682667,1588.493333,1.040487,1.44411,1.208865,0.8371,BAL,20.0,-,6.0
2025-10-31T19:18:37,31.234,baseline,48,1548,1555,1548,1555,140.0,140.0,0.0,0.195458,0.248156,0.852662,0.0,0.0,1.0660776380676509,OK,231.108,221.521,0.1,0,1679.781333,1560.672,0.929092,1.56904,1.186211,0.75601,R↓,0.0,+,6.0
2025-10-31T19:18:38,31.89,baseline,49,1580,1587,1580,1587,140.0,140.0,0.0,0.146836,0.154224,0.858089,0.0,0.0,1.1350262317339503,OK,242.4625,227.1235,0.1,0,1792.285333,1617.144,0.90228,1.653431,1.227601,0.742457,R↓,0.0,+,8.0
2025-10-31T19:18:38,32.547,baseline,50,1613,1620,1613,1620,140.0,140.0,0.0,0.129021,0.136324,1.050312,0.0,0.0,0.9372242256179757,OK,244.3422,224.2171,0.1,0,1704.109333,1616.424,0.948545,1.56634,1.224885,0.782005,BAL,0.0,+,9.165
2025-10-31T19:18:39,33.218,baseline,51,1647,1654,1646,1653,140.0,140.0,0.0,0.180177,0.11732,1.050312,20.0,-20.0,0.673273516214332,OK,238.3669,211.9112,0.1,0,1637.194667,1661.178667,1.014649,1.499354,1.256577,0.838079,BAL,20.0,-,9.165
2025-10-31T19:18:40,33.875,baseline,52,1680,1687,1679,1686,140.0,140.0,0.0,0.191242,0.150042,1.050312,20.0,-20.0,0.673537303210236,OK,236.3094,204.7721,0.1,0,1662.938667,1675.52,1.007566,1.512039,1.26712,0.838021,BAL,20.0,-,9.165
2025-10-31T19:18:40,34.531,baseline,53,1711,1718,1711,1718,140.0,140.0,0.0,0.194782,0.202881,1.041583,0.0,0.0,1.3181441514635428,OK,246.1348,213.3852,0.1,0,1950.112,1647.76,0.844957,1.760563,1.245826,0.70763,R↓,0.0,+,9.798
2025-10-31T19:18:41,35.14,baseline,54,1743,1750,1743,1750,140.0,140.0,0.0,0.228375,0.257933,1.041583,0.0,0.0,1.2898529306450677,OK,264.2609,231.9941,0.1,0,2133.434667,1818.048,0.85217,1.926016,1.37306,0.712902,R↓,0.0,+,10.0
2025-10-31T19:18:42,35.797,baseline,55,1775,1782,1774,1781,140.0,140.0,0.0,0.213208,0.147468,0.784566,20.0,-20.0,1.2771922029618885,OK,278.3989,239.9243,0.1,0,2005.346667,1716.429333,0.855926,1.810333,1.294884,0.715274,R↓,20.0,-,10.0
2025-10-31T19:18:42,36.453,baseline,56,1807,1814,1806,1813,140.0,140.0,0.0,0.136994,0.071527,0.784566,20.0,-20.0,0.8299126802191996,OK,281.0319,237.529,0.1,0,1840.962667,1776.472,0.964969,1.661299,1.336241,0.804335,BAL,20.0,-,10.0
2025-10-31T19:18:43,37.062,baseline,57,1839,1846,1839,1846,140.0,140.0,0.0,0.093145,0.102263,1.041583,0.0,0.0,1.3516971247321268,OK,278.4368,233.3022,0.1,0,1882.554667,1588.237333,0.843661,1.698182,1.191152,0.701428,R↓,0.0,+,9.798
2025-10-31T19:18:44,37.718,baseline,58,1872,1879,1871,1878,140.0,140.0,0.0,0.130891,0.169729,1.097897,20.0,-20.0,0.9503725681649743,OK,274.8942,236.2376,0.1,0,1531.770667,1434.512,0.936506,1.36849,1.066481,0.779312,BAL,20.0,-,10.0
2025-10-31T19:18:44,38.375,baseline,59,1904,1911,1903,1910,140.0,140.0,0.0,0.208297,0.217767,1.045464,20.0,-20.0,0.811514173835906,OK,282.8916,248.2829,0.1,0,1398.194667,1351.754667,0.966786,1.237276,1.0,0.808227,BAL,20.0,-,9.798
2025-10-31T19:18:45,39.031,baseline,60,1936,1943,1935,1942,140.0,140.0,0.0,0.207727,0.174708,1.045464,20.0,-20.0,0.9486513791889787,OK,293.3926,256.4856,0.1,0,1404.586667,1277.946667,0.909838,1.220877,0.951874,0.779664,BAL,20.0,-,9.165
2025-10-31T19:18:45,39.64,baseline,61,1968,1975,1967,1974,140.0,140.0,0.0,0.115621,0.075046,1.045464,20.0,-20.0,1.1858528054106856,OK,294.0639,251.9181,0.1,0,1445.042667,1205.573333,0.834282,1.234143,0.90416,0.732622,R↓,20.0,-,9.165
2025-10-31T19:18:46,40.359,baseline,62,2002,2009,2000,2007,140.0,140.0,0.0,0.097242,0.032955,0.841048,40.0,-40.0,0.3445369487517043,OK,289.4262,244.2067,0.1,0,1266.213333,1304.768,1.030449,1.07428,0.981431,0.913571,BAL,40.0,-,12.0
2025-10-31T19:18:47,41.015,baseline,63,2036,2043,2035,2042,140.0,140.0,0.0,0.08696,0.043775,0.64907,20.0,-20.0,1.150767580502714,WARN,281.233,229.6825,0.1,0,1432.170667,1183.104,0.826091,1.207119,0.89254,0.739397,R↓,20.0,-,10.77
2025-10-31T19:18:48,41.734,baseline,64,2071,2078,2070,2077,140.0,140.0,0.0,0.102389,0.101064,0.64907,20.0,-20.0,1.0273539194282408,WARN,273.9401,217.5154,0.1,0,1340.466667,1141.202667,0.851347,1.128514,0.86188,0.76373,R↓,20.0,-,8.944
2025-10-31T19:18:48,42.39,baseline,65,2105,2112,2104,2111,140.0,140.0,0.0,0.194559,0.18658,0.64907,20.0,-20.0,0.9338529069960747,WARN,279.3873,223.0667,0.1,0,1243.869333,1083.805333,0.871318,1.04719,0.819633,0.782697,BAL,20.0,-,8.944
2025-10-31T19:18:49,43.047,baseline,66,2138,2145,2137,2144,140.0,140.0,0.0,0.181848,0.191413,0.958989,20.0,-20.0,0.9350120703541401,OK,290.5326,236.58,0.1,0,1423.976,1224.584,0.859975,1.183573,0.926098,0.782459,BAL,20.0,-,8.944
2025-10-31T19:18:50,43.718,baseline,67,2171,2178,2170,2177,140.0,140.0,0.0,0.131529,0.115041,0.958989,20.0,-20.0,0.6855909036087142,OK,292.5178,242.4665,0.1,0,1518.008,1362.768,0.897734,1.233698,1.0306,0.835375,BAL,20.0,-,6.0
2025-10-31T19:18:50,44.375,baseline,68,2205,2212,2204,2211,140.0,140.0,0.0,0.121334,0.077704,0.958989,20.0,-20.0,0.6052697133805297,OK,279.9706,229.1071,0.1,0,1407.368,1270.512,0.902757,1.128458,0.962762,0.853166,BAL,20.0,-,6.0
2025-10-31T19:18:51,45.031,baseline,69,2238,2245,2238,2245,140.0,140.0,0.0,0.119433,0.09351,0.874646,0.0,0.0,0.924946910796927,OK,266.01,211.4992,0.1,0,1508.845333,1241.264,0.822658,1.202557,0.94344,0.784528,BAL,0.0,+,8.944
2025-10-31T19:18:51,45.687,baseline,70,2271,2278,2270,2277,140.0,140.0,0.0,0.152835,0.158557,0.874646,20.0,-20.0,0.0014448302989022127,OK,255.7711,204.6815,0.1,0,1252.762667,1315.469333,1.050055,1.000924,1.000545,0.999621,BAL,20.0,-,8.944
2025-10-31T19:18:52,46.359,baseline,71,2303,2310,2302,2309,140.0,140.0,0.0,0.180162,0.197439,0.874646,20.0,-20.0,0.29834514352681607,OK,261.0436,215.9277,0.1,0,1369.618667,1322.72,0.965758,1.087973,1.006059,0.92471,BAL,20.0,-,8.944
2025-10-31T19:18:53,47.015,baseline,72,2335,2342,2334,2341,140.0,140.0,0.0,0.170558,0.151572,0.888685,20.0,-20.0,0.17078964327005305,OK,268.4816,223.1929,0.1,0,1404.061333,1394.68,0.993318,1.109406,1.060792,0.95618,BAL,20.0,-,6.0
2025-10-31T19:18:53,47.609,baseline,73,2367,2374,2366,2373,140.0,140.0,0.0,0.128776,0.10084,0.888685,20.0,-20.0,0.4375614495755983,OK,269.2455,215.2562,0.1,0,1464.325333,1328.749333,0.907414,1.13359,1.010645,0.891544,BAL,20.0,-,6.0
2025-10-31T19:18:54,48.265,baseline,74,2399,2406,2398,2405,140.0,140.0,0.0,0.117867,0.088333,0.888685,20.0,-20.0,0.36580286577335247,OK,260.3521,197.8896,0.1,0,1529.368,1411.141333,0.922696,1.181428,1.073313,0.908488,BAL,20.0,-,6.0
2025-10-31T19:18:55,48.937,baseline,75,2430,2437,2430,2437,140.0,140.0,0.0,0.104769,0.170461,0.888685,0.0,0.0,0.8153784308194457,OK,249.6902,189.2324,0.1,0,1604.541333,1315.781333,0.820036,1.239499,1.000782,0.807408,BAL,0.0,+,8.0
2025-10-31T19:18:55,49.531,baseline,76,2461,2468,2460,2467,140.0,140.0,0.0,0.178703,0.169149,0.888685,20.0,-20.0,0.4214610430114077,OK,251.2789,195.4078,0.1,0,1664.850667,1513.882667,0.90932,1.286088,1.151458,0.895318,BAL,20.0,-,8.0
2025-10-31T19:18:56,50.14,baseline,77,2492,2499,2491,2498,140.0,140.0,0.0,0.218383,0.1922,0.880106,20.0,-20.0,0.34118823702317463,OK,264.6966,212.077,0.1,0,1753.528,1628.456,0.928674,1.35459,1.238602,0.914374,BAL,20.0,-,8.0
2025-10-31T19:18:57,50.734,baseline,78,2523,2530,2522,2529,140.0,140.0,0.0,0.15779,0.111482,0.880106,20.0,-20.0,0.41627511810133694,OK,271.9809,221.1216,0.1,0,1772.056,1568.573333,0.885171,1.330737,1.193055,0.896537,BAL,20.0,-,8.0
2025-10-31T19:18:57,51.39,baseline,79,2555,2562,2555,2562,140.0,140.0,0.0,0.101246,0.077227,0.880106,0.0,0.0,0.7559717390399233,OK,268.5628,221.1629,0.1,0,1742.557333,1400.488,0.803697,1.29803,1.064504,0.820091,BAL,0.0,+,8.0
2025-10-31T19:18:58,52.047,baseline,80,2588,2595,2588,2595,140.0,140.0,0.0,0.131983,0.136125,0.880106,0.0,0.0,0.6452932229098796,OK,266.1365,218.5352,0.1,0,1666.645333,1365.090667,0.819065,1.228149,1.036869,0.844254,BAL,0.0,+,9.165
2025-10-31T19:18:59,52.718,baseline,81,2622,2629,2621,2628,140.0,140.0,0.0,0.2218,0.216545,0.880106,20.0,-20.0,0.10768766361625604,OK,265.9533,220.3767,0.1,0,1560.877333,1452.712,0.930702,1.132375,1.100829,0.972142,BAL,20.0,-,9.165
2025-10-31T19:18:59,53.437,baseline,82,2657,2664,2656,2663,140.0,140.0,0.0,0.246719,0.255743,0.976306,20.0,-20.0,0.021372003389967552,OK,270.6146,225.6201,0.1,0,1358.696,1308.093333,0.962756,0.985698,0.99124,1.005623,BAL,20.0,-,9.165
2025-10-31T19:19:00,54.093,baseline,83,2691,2698,2691,2698,140.0,140.0,0.0,0.134077,0.1647,1.031388,0.0,0.0,0.5172483117386046,OK,274.1083,229.6889,0.1,0,1484.373333,1228.029333,0.827305,1.065825,0.93057,0.873098,BAL,0.0,+,9.798
2025-10-31T19:19:01,54.812,baseline,84,2727,2734,2726,2733,140.0,140.0,0.0,0.143641,0.100602,1.031388,20.0,-20.0,0.0991852750214055,OK,277.3328,234.1961,0.1,0,1345.021333,1241.738667,0.923211,0.965766,0.940958,0.974313,BAL,20.0,-,9.798
2025-10-31T19:19:01,55.531,baseline,85,2762,2769,2761,2768,140.0,140.0,0.0,0.122576,0.079939,0.976306,20.0,-20.0,0.05196077948707943,OK,272.3954,231.3614,0.1,0,1400.608,1341.610667,0.957877,1.000862,1.0146,1.013726,BAL,20.0,-,9.165
2025-10-31T19:19:02,56.187,baseline,86,2795,2802,2794,2801,140.0,140.0,0.0,0.100364,0.072126,0.71865,20.0,-20.0,0.008995937425621256,OK,266.5764,218.8471,0.1,0,1339.544,1268.736,0.94714,0.957226,0.959488,1.002363,BAL,20.0,-,9.165
2025-10-31T19:19:03,56.859,baseline,87,2827,2834,2826,2833,140.0,140.0,0.0,0.161577,0.139638,0.71865,20.0,-20.0,0.057872557666938065,OK,265.7665,216.0874,0.1,0,1515.282667,1407.666667,0.92898,1.080543,1.06426,0.984931,BAL,20.0,-,9.165
2025-10-31T19:19:03,57.453,baseline,88,2859,2866,2858,2865,140.0,140.0,0.0,0.236806,0.211144,0.71865,20.0,-20.0,0.18559909001957248,OK,275.0269,224.6456,0.1,0,1610.176,1447.821333,0.89917,1.146584,1.09209,0.952472,BAL,20.0,-,9.165
2025-10-31T19:19:04,58.047,baseline,89,2889,2896,2889,2896,140.0,140.0,0.0,0.138108,0.127723,0.864217,0.0,0.0,0.8564658063897169,OK,284.4725,231.623,0.1,0,1817.568,1378.68,0.75853,1.292743,1.03258,0.798751,BAL,0.0,+,9.165
2025-10-31T19:19:05,58.718,baseline,90,2921,2928,2920,2927,140.0,140.0,0.0,0.106898,0.04606,0.864217,20.0,-20.0,0.25708718478549386,OK,283.2912,227.7813,0.1,0,1677.922667,1492.042667,0.88922,1.185248,1.107939,0.934774,BAL,20.0,-,8.0
2025-10-31T19:19:05,59.375,baseline,91,2954,2961,2954,2961,140.0,140.0,0.0,0.096221,0.109709,0.891633,0.0,0.0,0.611502461758775,OK,276.615,219.2453,0.1,0,1662.986667,1335.754667,0.803226,1.164497,0.991885,0.851772,BAL,0.0,+,9.165
2025-10-31T19:19:06,60.031,pressure_start,92,2986,2993,2986,2993,140.0,140.0,0.0,0.144204,0.216826,0.924803,0.0,0.0,0.6028714359330016,OK,272.6436,219.4328,0.1,0,1652.248,1330.138667,0.805048,1.156977,0.987715,0.853703,BAL,0.0,+,9.798
2025-10-31T19:19:06,60.687,pressure_start,93,3020,3027,3019,3026,140.0,140.0,0.0,0.236561,0.224867,0.950566,20.0,-20.0,0.25829430125421565,OK,272.6436,219.4328,0.1,0,1598.973333,1409.045333,0.881219,1.119672,1.046308,0.934478,BAL,20.0,-,9.165
2025-10-31T19:19:07,61.406,pressure_start,94,3055,3062,3054,3061,140.0,140.0,0.0,0.21134,0.178938,0.950566,20.0,-20.0,0.039129271628168864,OK,272.6436,219.4328,0.1,0,1524.2,1452.162667,0.952738,1.067312,1.078326,1.010319,BAL,20.0,-,9.165
2025-10-31T19:19:08,62.125,pressure_start,95,3091,3098,3090,3097,140.0,140.0,0.0,0.159488,0.086875,0.950566,20.0,-20.0,0.3104040563849172,OK,272.6436,219.4328,0.1,0,1660.16,1443.098667,0.869253,1.162517,1.071595,0.921789,BAL,20.0,-,9.165
2025-10-31T19:19:09,62.797,pressure_start,96,3126,3133,3125,3132,140.0,140.0,0.0,0.160485,0.102759,0.846682,20.0,-20.0,0.012090158560165168,OK,272.6436,219.4328,0.1,0,1462.445333,1374.728,0.94002,1.024069,1.020825,0.996833,BAL,20.0,-,9.165
2025-10-31T19:19:09,63.515,pressure_start,97,3160,3167,3160,3167,140.0,140.0,0.0,0.189364,0.171523,0.846682,0.0,0.0,0.7031792405226358,OK,272.6436,219.4328,0.1,0,1799.776,1411.272,0.784138,1.260283,1.047962,0.831529,BAL,0.0,+,9.798
2025-10-31T19:19:10,64.172,pressure_start,98,3194,3201,3195,3202,140.0,140.0,0.0,0.168869,0.21099,0.846682,20.0,20.0,1.1096277365060745,OK,272.6436,219.4328,0.1,0,1938.536,1366.325333,0.704823,1.357448,1.014586,0.747421,R↓,20.0,+,9.798
2025-10-31T19:19:11,64.89,pressure_start,99,3229,3236,3229,3236,140.0,140.0,0.0,0.178384,0.160917,0.902083,0.0,0.0,0.7156489953112938,OK,272.6436,219.4328,0.1,0,1949.901333,1523.997333,0.781577,1.365407,1.131668,0.828813,BAL,0.0,+,9.798
2025-10-31T19:19:11,65.562,pressure_start,100,3264,3271,3263,3270,140.0,140.0,0.0,0.195791,0.124456,0.902083,20.0,-20.0,0.2150892648119309,OK,272.6436,219.4328,0.1,0,1834.250667,1634.802667,0.891265,1.284423,1.213948,0.945131,BAL,20.0,-,9.798
2025-10-31T19:19:12,66.218,pressure_start,101,3297,3304,3296,3303,140.0,140.0,0.0,0.195576,0.149407,0.902083,20.0,-20.0,0.05694004781940337,OK,272.6436,219.4328,0.1,0,1729.978667,1607.192,0.929024,1.211407,1.193445,0.985172,BAL,20.0,-,9.165
2025-10-31T19:19:13,66.875,pressure_start,102,3329,3336,3329,3336,140.0,140.0,0.0,0.193713,0.181118,0.902083,0.0,0.0,0.7797908464782252,OK,272.6436,219.4328,0.1,0,2073.282667,1593.386667,0.768533,1.451804,1.183194,0.814982,BAL,0.0,+,9.165
2025-10-31T19:19:13,67.593,pressure_start,103,3362,3369,3362,3369,140.0,140.0,0.0,0.231557,0.227809,0.902083,0.0,0.0,0.603487608985986,OK,272.6436,219.4328,0.1,0,1998.648,1608.746667,0.804917,1.399542,1.1946,0.853565,BAL,0.0,+,9.798
2025-10-31T19:19:14,68.187,pressure_start,104,3395,3402,3394,3401,140.0,140.0,0.0,0.23115,0.161399,0.763933,20.0,-20.0,0.30734546646764715,OK,272.6436,219.4328,0.1,0,2016.650667,1754.386667,0.869951,1.412148,1.302747,0.922529,BAL,20.0,-,9.798
2025-10-31T19:19:15,68.859,pressure_start,105,3427,3434,3427,3434,140.0,140.0,0.0,0.146824,0.121901,0.830255,0.0,0.0,0.8007959346933559,OK,272.6436,219.4328,0.1,0,2271.501333,1736.130667,0.76431,1.590606,1.289191,0.810503,BAL,0.0,+,10.0
2025-10-31T19:19:15,69.515,pressure_start,106,3461,3468,3461,3468,140.0,140.0,0.0,0.177423,0.141042,0.830255,0.0,0.0,0.6797780040797183,OK,272.6436,219.4328,0.1,0,2007.666667,1583.981333,0.788966,1.405857,1.17621,0.83665,BAL,0.0,+,9.798
2025-10-31T19:19:16,70.172,pressure_start,107,3492,3499,3493,3500,140.0,140.0,0.0,0.15,0.175861,0.830255,20.0,20.0,1.073895076918703,OK,272.6436,219.4328,0.1,0,2154.146667,1532.592,0.711461,1.508429,1.13805,0.754461,R↓,20.0,+,10.0
2025-10-31T19:19:17,70.765,pressure_start,108,3524,3531,3524,3531,140.0,140.0,0.0,0.258792,0.243114,0.830255,0.0,0.0,0.6769044647746576,OK,272.6436,219.4328,0.1,0,2307.248,1821.714667,0.789562,1.615637,1.352742,0.837281,BAL,0.0,+,9.798
2025-10-31T19:19:17,71.375,pressure_start,109,3555,3562,3555,3562,140.0,140.0,0.0,0.210479,0.194046,0.921924,0.0,0.0,0.7875669113390329,OK,272.6436,219.4328,0.1,0,2533.552,1943.152,0.766967,1.774105,1.442918,0.813321,BAL,0.0,+,9.798
2025-10-31T19:19:18,72.031,pressure_start,110,3587,3594,3587,3594,140.0,140.0,0.0,0.215673,0.184399,0.921924,0.0,0.0,0.6908506638334956,OK,272.6436,219.4328,0.1,0,2313.792,1820.208,0.786677,1.620219,1.351624,0.834223,BAL,0.0,+,9.165
2025-10-31T19:19:18,72.64,pressure_start,111,3618,3625,3618,3625,140.0,140.0,0.0,0.101524,0.128008,0.93942,0.0,0.0,0.030200476469590738,OK,272.6436,219.4328,0.1,0,2070.056,1967.605333,0.950508,1.449545,1.461076,1.007955,BAL,0.0,+,8.0
2025-10-31T19:19:19,73.297,pressure_start,112,3651,3658,3651,3658,140.0,140.0,0.0,0.210906,0.1738,0.921924,0.0,0.0,0.7575894639692594,OK,272.6436,219.4328,0.1,0,2288.128,1768.776,0.773023,1.602248,1.313432,0.819743,BAL,0.0,+,8.0
2025-10-31T19:19:20,73.953,pressure_start,113,3682,3689,3682,3689,140.0,140.0,0.0,0.183345,0.145911,0.854992,0.0,0.0,0.8778893328727555,OK,272.6436,219.4328,0.1,0,2274.346667,1703.498667,0.749006,1.592598,1.264959,0.794274,BAL,0.0,+,8.0
2025-10-31T19:19:20,74.547,pressure_start,114,3714,3721,3714,3721,140.0,140.0,0.0,0.22132,0.198681,0.854992,0.0,0.0,0.813679373738438,OK,272.6436,219.4328,0.1,0,2353.642667,1792.842667,0.761731,1.648125,1.331303,0.807768,BAL,0.0,+,6.0
2025-10-31T19:19:21,75.265,pressure_start,115,3747,3754,3747,3754,140.0,140.0,0.0,0.269744,0.263652,0.897706,0.0,0.0,0.8220072709159956,OK,272.6436,219.4328,0.1,0,2254.074667,1713.250667,0.760068,1.578403,1.272201,0.806005,BAL,0.0,+,6.0
2025-10-31T19:19:22,75.875,pressure_start,116,3780,3787,3780,3787,140.0,140.0,0.0,0.221076,0.192008,0.868516,0.0,0.0,0.84701501712172,OK,272.6436,219.4328,0.1,0,2218.573333,1675.24,0.755098,1.553543,1.243975,0.800734,BAL,0.0,+,6.0
2025-10-31T19:19:22,76.593,pressure_start,117,3814,3821,3814,3821,140.0,140.0,0.0,0.187571,0.141892,0.868516,0.0,0.0,1.0370630713824587,OK,272.6436,219.4328,0.1,0,2335.965333,1678.088,0.71837,1.635746,1.24609,0.761787,R↓,0.0,+,0.0
2025-10-31T19:19:23,77.312,pressure_start,118,3848,3855,3848,3855,140.0,140.0,0.0,0.180062,0.145993,0.868516,0.0,0.0,0.8039809447166958,OK,272.6436,219.4328,0.1,0,2076.597333,1585.837333,0.763671,1.454125,1.177588,0.809826,BAL,0.0,+,0.0
2025-10-31T19:19:24,77.968,pressure_start,119,3881,3888,3881,3888,140.0,140.0,0.0,0.243856,0.207069,0.849146,0.0,0.0,0.8489099685186686,OK,272.6436,219.4328,0.1,0,2265.797333,1710.048,0.754722,1.586611,1.269823,0.800336,BAL,0.0,+,0.0
2025-10-31T19:19:24,78.578,pressure_start,120,3914,3921,3914,3921,140.0,140.0,0.0,0.230308,0.206835,0.849146,0.0,0.0,0.813863401678831,OK,272.6436,219.4328,0.1,0,2537.936,1933.130667,0.761694,1.777175,1.435476,0.807729,BAL,0.0,+,0.0
2025-10-31T19:19:25,79.234,pressure_start,121,3948,3955,3948,3955,140.0,140.0,0.0,0.255426,0.203074,0.810793,0.0,0.0,0.744087657597342,OK,272.6436,219.4328,0.1,0,2304.808,1787.992,0.775766,1.613928,1.327701,0.822652,BAL,0.0,+,0.0
2025-10-31T19:19:26,79.89,pressure_start,122,3981,3988,3981,3988,140.0,140.0,0.0,0.209959,0.16315,0.810793,0.0,0.0,0.8270942016691387,OK,272.6436,219.4328,0.1,0,2448.464,1858.517333,0.759054,1.714523,1.380071,0.80493,BAL,0.0,+,0.0
2025-10-31T19:19:26,80.547,pressure_start,123,4013,4020,4013,4020,140.0,140.0,0.0,0.159416,0.136751,0.849146,0.0,0.0,0.720038719207208,OK,272.6436,219.4328,0.1,0,2445.592,1909.216,0.780676,1.712511,1.417718,0.827859,BAL,0.0,+,0.0
2025-10-31T19:19:27,81.218,pressure_start,124,4045,4052,4045,4052,140.0,140.0,0.0,0.171246,0.176525,0.857826,0.0,0.0,0.5325669762432035,OK,272.6436,219.4328,0.1,0,2265.026667,1857.4,0.820034,1.586072,1.379241,0.869596,BAL,0.0,+,0.0
2025-10-31T19:19:28,81.812,pressure_start,125,4077,4084,4077,4084,140.0,140.0,0.0,0.156837,0.17557,0.857826,0.0,0.0,0.6134673978073721,OK,272.6436,219.4328,0.1,0,2205.114667,1770.293333,0.802812,1.544119,1.314559,0.851333,BAL,0.0,+,0.0
2025-10-31T19:19:28,82.468,pressure_start,126,4110,4117,4109,4116,140.0,140.0,0.0,0.200104,0.16506,0.857826,20.0,-20.0,0.01287252490537189,OK,272.6436,219.4328,0.1,0,1828.085333,1729.728,0.946197,1.280106,1.284436,1.003383,BAL,20.0,-,6.0
2025-10-31T19:19:29,83.14,pressure_start,127,4143,4150,4142,4149,140.0,140.0,0.0,0.159039,0.188203,1.030825,20.0,-20.0,0.4166990470751553,OK,272.6436,219.4328,0.1,0,1554.346667,1635.093333,1.051949,1.088422,1.214164,1.115527,BAL,20.0,-,8.0
2025-10-31T19:19:30,83.843,pressure_start,128,4177,4184,4176,4183,140.0,140.0,0.0,0.106558,0.142658,1.11944,20.0,-20.0,0.5052533417747747,OK,272.6436,219.4328,0.1,0,1339.762667,1442.490667,1.076676,0.938161,1.071144,1.141748,BAL,20.0,-,9.165
2025-10-31T19:19:30,84.515,pressure_start,129,4210,4217,4209,4216,140.0,140.0,0.0,0.108604,0.092083,1.11944,20.0,-20.0,0.7183780983603487,OK,272.6436,219.4328,0.1,0,1183.653333,1347.701333,1.138595,0.828846,1.000756,1.207409,BAL,20.0,-,9.798
2025-10-31T19:19:31,85.172,pressure_start,130,4243,4250,4242,4249,140.0,140.0,0.0,0.165755,0.137796,0.84788,20.0,-20.0,0.9799929412134697,OK,272.6436,219.4328,0.1,0,1128.117333,1375.728,1.21949,0.789958,1.021568,1.293194,BAL,20.0,-,10.0
2025-10-31T19:19:32,85.828,pressure_start,131,4276,4283,4275,4282,140.0,140.0,0.0,0.158904,0.164916,1.037835,20.0,-20.0,1.164550668856436,OK,272.6436,219.4328,0.1,0,1033.434667,1322.789333,1.279993,0.723657,0.982258,1.357353,L↓,20.0,-,9.798
2025-10-31T19:19:32,86.484,pressure_start,132,4309,4316,4308,4315,140.0,140.0,0.0,0.081597,0.107551,1.037835,20.0,-20.0,1.0236224157531004,OK,272.6436,219.4328,0.1,0,1039.125333,1281.792,1.23353,0.727641,0.951814,1.308082,L↓,20.0,-,9.165
2025-10-31T19:19:33,87.156,pressure_start,133,4343,4350,4342,4349,140.0,140.0,0.0,0.049891,0.074112,1.037835,20.0,-20.0,0.760842099085169,OK,272.6436,219.4328,0.1,0,983.725333,1132.613333,1.151351,0.688848,0.84104,1.220936,BAL,20.0,-,8.0
2025-10-31T19:19:34,87.812,pressure_start,134,4377,4384,4376,4383,140.0,140.0,0.0,0.040034,0.067747,1.318072,20.0,-20.0,0.9904799072880729,OK,272.6436,219.4328,0.1,0,911.714667,1114.890667,1.22285,0.638423,0.827879,1.296757,BAL,20.0,-,6.0
2025-10-31T19:19:34,88.468,pressure_start,135,4410,4417,4409,4416,140.0,140.0,0.0,0.080026,0.154513,1.485484,20.0,-20.0,1.141341943338389,WARN,272.6436,219.4328,0.1,0,776.482667,987.858667,1.272222,0.543727,0.73355,1.349113,L↓,20.0,-,0.0
2025-10-31T19:19:35,89.14,pressure_start,136,4442,4449,4441,4448,140.0,140.0,0.0,0.122159,0.229487,1.692242,20.0,-20.0,1.3036278456952386,WARN,272.6436,219.4328,0.1,0,844.472,1121.088,1.327561,0.591337,0.832481,1.407796,L↓,20.0,-,0.0
2025-10-31T19:19:36,89.797,pressure_start,137,4474,4481,4473,4480,140.0,140.0,0.0,0.135106,0.189977,1.692242,20.0,-20.0,0.8500134088917574,WARN,272.6436,219.4328,0.1,0,1015.786667,1197.210667,1.178604,0.711299,0.889007,1.249837,BAL,20.0,-,0.0
2025-10-31T19:19:36,90.39,pressure_start,138,4506,4513,4505,4512,140.0,140.0,0.0,0.089915,0.081949,1.692242,20.0,-20.0,0.3768605017056507,WARN,272.6436,219.4328,0.1,0,1134.322667,1180.842667,1.041011,0.794303,0.876853,1.103928,BAL,20.0,-,0.0
2025-10-31T19:19:37,91.047,pressure_start,139,4539,4546,4538,4545,140.0,140.0,0.0,0.06873,0.044493,1.406133,20.0,-20.0,0.3252894281585933,OK,272.6436,219.4328,0.1,0,1170.045333,1201.661333,1.027021,0.819317,0.892312,1.089092,BAL,20.0,-,0.0
2025-10-31T19:19:38,91.718,pressure_start,140,4572,4579,4571,4578,140.0,140.0,0.0,0.062984,0.042678,0.911408,20.0,-20.0,0.24689335291292003,OK,272.6436,219.4328,0.1,0,1306.658667,1314.645333,1.006112,0.91498,0.97621,1.06692,BAL,20.0,-,0.0
2025-10-31T19:19:38,92.375,pressure_start,141,4604,4611,4603,4610,140.0,140.0,0.0,0.077356,0.073807,0.911408,20.0,-20.0,0.09327900028074777,OK,272.6436,219.4328,0.1,0,1328.962667,1284.269333,0.96637,0.930598,0.953654,1.024775,BAL,20.0,-,0.0
2025-10-31T19:19:39,93.031,pressure_start,142,4636,4643,4635,4642,140.0,140.0,0.0,0.168933,0.189314,0.911408,20.0,-20.0,0.2136971080363074,OK,272.6436,219.4328,0.1,0,1415.797333,1412.098667,0.997388,0.991404,1.048576,1.057668,BAL,20.0,-,0.0
2025-10-31T19:19:39,93.687,pressure_start,143,4668,4675,4667,4674,140.0,140.0,0.0,0.221379,0.235458,0.954119,20.0,-20.0,0.20500955864597797,OK,272.6436,219.4328,0.1,0,1490.976,1483.696,0.995117,1.044047,1.101741,1.05526,BAL,20.0,-,0.0
2025-10-31T19:19:40,94.297,pressure_start,144,4700,4707,4699,4706,140.0,140.0,0.0,0.185025,0.178775,0.966221,20.0,-20.0,0.23563072649462477,OK,272.6436,219.4328,0.1,0,1629.154667,1634.277333,1.003144,1.140806,1.213558,1.063772,BAL,20.0,-,0.0
2025-10-31T19:19:41,94.953,pressure_start,145,4733,4740,4732,4739,140.0,140.0,0.0,0.166325,0.16142,0.970506,20.0,-20.0,0.27602208469731787,OK,272.6436,219.4328,0.1,0,1695.866667,1719.322667,1.013831,1.187521,1.27671,1.075105,BAL,20.0,-,0.0
2025-10-31T19:19:41,95.609,pressure_start,146,4767,4774,4766,4773,140.0,140.0,0.0,0.179921,0.127933,0.970506,20.0,-20.0,0.37724027604627464,OK,272.6436,219.4328,0.1,0,1724.410667,1795.309333,1.041115,1.207508,1.333135,1.104038,BAL,20.0,-,0.0
2025-10-31T19:19:42,96.281,pressure_start,147,4800,4807,4799,4806,140.0,140.0,0.0,0.184043,0.143031,0.966221,20.0,-20.0,0.3024063329333798,OK,272.6436,219.4328,0.1,0,1706.88,1742.509333,1.020874,1.195233,1.293927,1.082573,BAL,20.0,-,0.0
2025-10-31T19:19:43,96.937,pressure_start,148,4833,4840,4833,4840,140.0,140.0,0.0,0.249403,0.271587,0.966221,0.0,0.0,0.3629929659845553,OK,272.6436,219.4328,0.1,0,2040.352,1749.28,0.857342,1.428745,1.298955,0.909158,BAL,0.0,+,6.0
2025-10-31T19:19:43,97.593,pressure_start,149,4866,4873,4866,4873,140.0,140.0,0.0,0.208001,0.245862,0.970506,0.0,0.0,0.3299750246015448,OK,272.6436,219.4328,0.1,0,2249.592,1945.450667,0.864802,1.575264,1.444624,0.917068,BAL,0.0,+,8.0
2025-10-31T19:19:44,98.312,pressure_start,150,4900,4907,4900,4907,140.0,140.0,0.0,0.187406,0.204812,1.08895,0.0,0.0,0.4780434176723918,OK,272.6436,219.4328,0.1,0,2255.013333,1875.832,0.83185,1.57906,1.392928,0.882125,BAL,0.0,+,9.165
2025-10-31T19:19:45,98.968,pressure_start,151,4934,4941,4934,4941,140.0,140.0,0.0,0.150696,0.173126,1.092881,0.0,0.0,0.27848443157959124,OK,272.6436,219.4328,0.1,0,2211.472,1938.496,0.876564,1.54857,1.43946,0.929541,BAL,0.0,+,9.798
2025-10-31T19:19:45,99.64,pressure_start,152,4968,4975,4968,4975,140.0,140.0,0.0,0.158677,0.211789,1.148842,0.0,0.0,0.16954217666432464,OK,272.6436,219.4328,0.1,0,2012.632,1815.352,0.901979,1.409334,1.348018,0.956493,BAL,0.0,+,10.0
2025-10-31T19:19:46,100.297,pressure_start,153,5000,5007,5000,5007,140.0,140.0,0.0,0.205143,0.241034,1.174958,0.0,0.0,0.17319007248466944,OK,272.6436,219.4328,0.1,0,2204.424,1986.442667,0.901116,1.543635,1.475064,0.955578,BAL,0.0,+,9.798
2025-10-31T19:19:47,100.953,pressure_start,154,5032,5039,5032,5039,140.0,140.0,0.0,0.235253,0.257785,1.148842,0.0,0.0,0.25949772011073363,OK,272.6436,219.4328,0.1,0,2453.261333,2161.178667,0.880941,1.717882,1.604817,0.934183,BAL,0.0,+,9.165
2025-10-31T19:19:47,101.547,pressure_start,155,5064,5071,5064,5071,140.0,140.0,0.0,0.218548,0.216167,1.148842,0.0,0.0,0.33036572503355727,OK,272.6436,219.4328,0.1,0,2518.709333,2177.96,0.864713,1.763711,1.617278,0.916974,BAL,0.0,+,8.0
2025-10-31T19:19:48,102.218,pressure_start,156,5096,5103,5096,5103,140.0,140.0,0.0,0.196957,0.166985,1.095778,0.0,0.0,0.5103396513388737,OK,272.6436,219.4328,0.1,0,2510.010667,2070.333333,0.82483,1.75762,1.537358,0.874682,BAL,0.0,+,6.0
2025-10-31T19:19:49,102.875,pressure_start,157,5128,5135,5128,5135,140.0,140.0,0.0,0.149206,0.116441,0.989108,0.0,0.0,0.6242724863901441,OK,272.6436,219.4328,0.1,0,2564.642667,2053.098667,0.80054,1.795876,1.52456,0.848923,BAL,0.0,+,0.0
2025-10-31T19:19:49,103.468,pressure_start,158,5160,5167,5160,5167,140.0,140.0,0.0,0.137564,0.138814,0.989108,0.0,0.0,0.5514961413740306,OK,272.6436,219.4328,0.1,0,2339.242667,1908.757333,0.815972,1.638041,1.417377,0.865288,BAL,0.0,+,0.0
2025-10-31T19:19:50,104.14,pressure_start,159,5192,5199,5192,5199,140.0,140.0,0.0,0.222747,0.263473,0.989108,0.0,0.0,0.37205077858114854,OK,272.6436,219.4328,0.1,0,2318.901333,1983.373333,0.855307,1.623797,1.472784,0.907,BAL,0.0,+,0.0
2025-10-31T19:19:51,104.797,pressure_start,160,5224,5231,5223,5230,140.0,140.0,0.0,0.302246,0.228194,0.847823,20.0,-20.0,0.1873562355215268,OK,272.6436,219.4328,0.1,0,2388.106667,2143.978667,0.897773,1.672258,1.592044,0.952033,BAL,20.0,-,6.0
2025-10-31T19:19:51,105.39,pressure_start,161,5256,5263,5256,5263,140.0,140.0,0.0,0.254024,0.242032,0.952791,0.0,0.0,0.5745770072949027,OK,272.6436,219.4328,0.1,0,2455.112,1991.208,0.811046,1.719178,1.478602,0.860064,BAL,0.0,+,6.0
2025-10-31T19:19:52,106.062,pressure_start,162,5289,5296,5289,5296,140.0,140.0,0.0,0.205058,0.170773,0.952791,0.0,0.0,0.6299338371123571,OK,272.6436,219.4328,0.1,0,2572.853333,2056.616,0.799352,1.801626,1.527172,0.847663,BAL,0.0,+,6.0
2025-10-31T19:19:53,106.765,pressure_start,163,5324,5331,5324,5331,140.0,140.0,0.0,0.226755,0.192457,0.848745,0.0,0.0,0.5422307230652219,OK,272.6436,219.4328,0.1,0,2368.453333,1937.296,0.817958,1.658496,1.438569,0.867394,BAL,0.0,+,6.0
2025-10-31T19:19:53,107.437,pressure_start,164,5357,5364,5357,5364,140.0,140.0,0.0,0.175319,0.146711,0.836823,0.0,0.0,0.5744750809200676,OK,272.6436,219.4328,0.1,0,2375.138667,1926.397333,0.811067,1.663177,1.430476,0.860087,BAL,0.0,+,6.0
2025-10-31T19:19:54,108.156,pressure_start,165,5390,5397,5390,5397,140.0,140.0,0.0,0.277866,0.274595,0.848745,0.0,0.0,0.5351231593592897,OK,272.6436,219.4328,0.1,0,2378.850667,1949.432,0.819485,1.665776,1.447581,0.869013,BAL,0.0,+,6.0
2025-10-31T19:19:55,108.75,pressure_start,166,5422,5429,5422,5429,140.0,140.0,0.0,0.299896,0.309372,0.848745,0.0,0.0,0.6990378099661941,OK,272.6436,219.4328,0.1,0,2712.293333,2129.122667,0.78499,1.899268,1.581013,0.832433,BAL,0.0,+,6.0
2025-10-31T19:19:55,109.406,pressure_start,167,5454,5461,5454,5461,140.0,140.0,0.0,0.30665,0.266049,0.867597,0.0,0.0,0.7147109679864018,OK,272.6436,219.4328,0.1,0,2706.261333,2115.669333,0.781768,1.895044,1.571023,0.829017,BAL,0.0,+,6.0
2025-10-31T19:19:56,110.015,pressure_start,168,5486,5493,5486,5493,140.0,140.0,0.0,0.265935,0.251073,0.944114,0.0,0.0,0.5967597526700994,OK,272.6436,219.4328,0.1,0,2736.194667,2206.301333,0.806339,1.916004,1.638323,0.855073,BAL,0.0,+,6.0
2025-10-31T19:19:56,110.672,pressure_start,169,5518,5525,5518,5525,140.0,140.0,0.0,0.183381,0.165084,0.944114,0.0,0.0,0.6574931997097714,OK,272.6436,219.4328,0.1,0,2826.213333,2242.864,0.793593,1.979039,1.665473,0.841556,BAL,0.0,+,6.0
2025-10-31T19:19:57,111.328,pressure_start,170,5551,5558,5551,5558,140.0,140.0,0.0,0.198319,0.199863,0.944114,0.0,0.0,0.632713671539052,OK,272.6436,219.4328,0.1,0,2473.637333,1975.864,0.798769,1.73215,1.467208,0.847045,BAL,0.0,+,0.0
2025-10-31T19:19:58,111.937,pressure_start,171,5583,5590,5583,5590,140.0,140.0,0.0,0.279314,0.286697,0.944114,0.0,0.0,0.6572441071267493,OK,272.6436,219.4328,0.1,0,2576.344,2044.701333,0.793645,1.80407,1.518325,0.841611,BAL,0.0,+,0.0
2025-10-31T19:19:58,112.593,pressure_start,172,5615,5622,5615,5622,140.0,140.0,0.0,0.28125,0.251984,0.944114,0.0,0.0,0.6217006987001281,OK,272.6436,219.4328,0.1,0,2814.96,2255.008,0.80108,1.971159,1.674491,0.849496,BAL,0.0,+,0.0
2025-10-31T19:19:59,113.25,pressure_start,173,5648,5655,5648,5655,140.0,140.0,0.0,0.231091,0.199031,0.900222,0.0,0.0,0.65076888616612,OK,272.6436,219.4328,0.1,0,2822.901333,2244.189333,0.794994,1.97672,1.666457,0.843042,BAL,0.0,+,0.0
2025-10-31T19:20:00,113.922,pressure_start,174,5682,5689,5682,5689,140.0,140.0,0.0,0.20497,0.173255,0.895943,0.0,0.0,0.7024321676610947,OK,272.6436,219.4328,0.1,0,2901.234667,2275.413333,0.784291,2.031573,1.689643,0.831692,BAL,0.0,+,0.0
2025-10-31T19:20:00,114.64,pressure_start,175,5718,5725,5718,5725,140.0,140.0,0.0,0.27179,0.239503,0.881207,0.0,0.0,0.6022151872305247,OK,272.6436,219.4328,0.1,0,2608.72,2100.506667,0.805187,1.826741,1.559764,0.85385,BAL,0.0,+,0.0
2025-10-31T19:20:01,115.297,pressure_start,176,5751,5758,5751,5758,140.0,140.0,0.0,0.181283,0.185631,0.881207,0.0,0.0,0.5015387979796655,OK,272.6436,219.4328,0.1,0,2565.429333,2120.936,0.826737,1.796427,1.574934,0.876704,BAL,0.0,+,0.0
2025-10-31T19:20:02,116.015,pressure_start,177,5785,5792,5785,5792,140.0,140.0,0.0,0.317482,0.341212,0.881207,0.0,0.0,0.42946861603618935,OK,272.6436,219.4328,0.1,0,2592.037333,2183.84,0.842519,1.815059,1.621644,0.893439,BAL,0.0,+,0.0
2025-10-31T19:20:02,116.609,pressure_start,178,5817,5824,5817,5824,140.0,140.0,0.0,0.226734,0.242697,1.023983,0.0,0.0,0.3727190043591952,OK,272.6436,219.4328,0.1,0,2896.613333,2477.058667,0.855157,2.028337,1.839378,0.906841,BAL,0.0,+,0.0
2025-10-31T19:20:03,117.281,pressure_start,179,5850,5857,5850,5857,140.0,140.0,0.0,0.215634,0.209369,1.023983,0.0,0.0,0.43285313075431775,OK,272.6436,219.4328,0.1,0,2885.736,2429.128,0.841771,2.02072,1.803786,0.892646,BAL,0.0,+,0.0
2025-10-31T19:20:04,117.937,pressure_start,180,5883,5890,5883,5890,140.0,140.0,0.0,0.226035,0.190653,1.023983,0.0,0.0,0.484672981950532,OK,272.6436,219.4328,0.1,0,2812.952,2335.888,0.830405,1.969753,1.73455,0.880592,BAL,0.0,+,0.0
2025-10-31T19:20:04,118.593,pressure_start,181,5916,5923,5916,5923,140.0,140.0,0.0,0.228213,0.20722,0.970947,0.0,0.0,0.4291657354023281,OK,272.6436,219.4328,0.1,0,2683.384,2260.981333,0.842586,1.879024,1.678927,0.89351,BAL,0.0,+,0.0
2025-10-31T19:20:05,119.25,pressure_start,182,5948,5955,5948,5955,140.0,140.0,0.0,0.234264,0.253725,0.970947,0.0,0.0,0.2793989316242028,OK,272.6436,219.4328,0.1,0,2437.634667,2136.229333,0.876353,1.706939,1.58629,0.929318,BAL,0.0,+,0.0
2025-10-31T19:20:06,119.859,pressure_start,183,5979,5986,5979,5986,140.0,140.0,0.0,0.273963,0.275771,0.970947,0.0,0.0,0.3969465458325223,OK,272.6436,219.4328,0.1,0,2693.784,2289.013333,0.849739,1.886306,1.699742,0.901095,BAL,0.0,+,0.0
2025-10-31T19:20:06,120.515,pressure_release,184,6010,6017,6010,6017,140.0,140.0,0.0,0.264003,0.231711,0.908011,0.0,0.0,0.3674646168879136,OK,272.6436,219.4328,0.1,0,2801.325333,2398.877333,0.856337,1.961612,1.781323,0.908092,BAL,0.0,+,0.0
2025-10-31T19:20:07,121.109,pressure_release,185,6041,6048,6041,6048,140.0,140.0,0.0,0.195427,0.18981,0.97126,0.0,0.0,0.4364329739806046,OK,272.6436,219.4328,0.1,0,2922.744,2457.970667,0.84098,2.046634,1.825204,0.891808,BAL,0.0,+,0.0
2025-10-31T19:20:08,121.765,pressure_release,186,6074,6081,6074,6081,140.0,140.0,0.0,0.256249,0.243487,0.97126,0.0,0.0,0.5353117622070298,OK,272.6436,219.4328,0.1,0,2730.856,2237.784,0.819444,1.912266,1.661701,0.86897,BAL,0.0,+,0.0
2025-10-31T19:20:08,122.437,pressure_release,187,6107,6114,6107,6114,140.0,140.0,0.0,0.237277,0.22456,0.950196,0.0,0.0,0.5582592325927048,OK,272.6436,219.4328,0.1,0,2807.208,2286.544,0.814526,1.965731,1.697909,0.863754,BAL,0.0,+,0.0
2025-10-31T19:20:09,123.093,pressure_release,188,6139,6146,6139,6146,140.0,140.0,0.0,0.185019,0.194551,0.950196,0.0,0.0,0.424169546612252,OK,272.6436,219.4328,0.1,0,2700.072,2278.026667,0.843691,1.89071,1.691584,0.894682,BAL,0.0,+,0.0
2025-10-31T19:20:10,123.75,pressure_release,189,6172,6179,6172,6179,140.0,140.0,0.0,0.302601,0.327678,0.97126,0.0,0.0,0.4053223810388664,OK,272.6436,219.4328,0.1,0,2838.954667,2407.074667,0.847874,1.987961,1.78741,0.899117,BAL,0.0,+,0.0
2025-10-31T19:20:10,124.406,pressure_release,190,6204,6211,6205,6212,140.0,140.0,0.0,0.246166,0.349183,1.051523,20.0,20.0,0.7287364562733529,OK,272.6436,219.4328,0.1,0,3076.816,2396.522667,0.778897,2.154522,1.779575,0.825972,BAL,20.0,+,6.0
2025-10-31T19:20:11,125.015,pressure_release,191,6237,6244,6237,6244,140.0,140.0,0.0,0.226138,0.207351,1.051523,0.0,0.0,0.4295326079821885,OK,272.6436,219.4328,0.1,0,3125.621333,2633.352,0.842505,2.188698,1.955436,0.893424,BAL,0.0,+,6.0
2025-10-31T19:20:11,125.672,pressure_release,192,6270,6277,6270,6277,140.0,140.0,0.0,0.246236,0.237345,1.051523,0.0,0.0,0.32519841816158723,OK,272.6436,219.4328,0.1,0,2959.618667,2562.690667,0.865885,2.072456,1.902966,0.918218,BAL,0.0,+,6.0
2025-10-31T19:20:12,126.328,pressure_release,193,6303,6310,6303,6310,140.0,140.0,0.0,0.176485,0.153336,0.96389,0.0,0.0,0.544960492806682,OK,272.6436,219.4328,0.1,0,2937.757333,2401.242667,0.817373,2.057147,1.78308,0.866773,BAL,0.0,+,6.0
2025-10-31T19:20:13,127.0,pressure_release,194,6336,6343,6336,6343,140.0,140.0,0.0,0.18402,0.157929,0.916924,0.0,0.0,0.5720650948809268,OK,272.6436,219.4328,0.1,0,3038.269333,2465.8,0.81158,2.12753,1.831018,0.860631,BAL,0.0,+,6.0
2025-10-31T19:20:13,127.656,pressure_release,195,6367,6374,6367,6374,140.0,140.0,0.0,0.240901,0.238042,0.916924,0.0,0.0,0.49297076382227284,OK,272.6436,219.4328,0.1,0,2833.536,2347.864,0.828599,1.984167,1.743443,0.878677,BAL,0.0,+,6.0
2025-10-31T19:20:14,128.312,pressure_release,196,6398,6405,6399,6406,140.0,140.0,0.0,0.233305,0.332699,0.96389,20.0,20.0,0.6440519017358632,OK,272.6436,219.4328,0.1,0,3140.698667,2501.24,0.796396,2.199256,1.857334,0.844529,BAL,20.0,+,8.0
2025-10-31T19:20:15,128.859,pressure_release,197,6429,6436,6429,6436,140.0,140.0,0.0,0.244952,0.220068,0.898412,0.0,0.0,0.5220402578941733,OK,272.6436,219.4328,0.1,0,3141.336,2583.128,0.822302,2.199702,1.918142,0.872001,BAL,0.0,+,8.0
2025-10-31T19:20:15,129.515,pressure_release,198,6460,6467,6460,6467,140.0,140.0,0.0,0.263936,0.228314,0.898412,0.0,0.0,0.4601584036323815,OK,272.6436,219.4328,0.1,0,2936.685333,2454.370667,0.835762,2.056397,1.822531,0.886274,BAL,0.0,+,8.0
2025-10-31T19:20:16,130.109,pressure_release,199,6491,6498,6491,6498,140.0,140.0,0.0,0.246451,0.193765,0.898412,0.0,0.0,0.691709716814671,OK,272.6436,219.4328,0.1,0,2924.869333,2300.410667,0.7865,2.048123,1.708205,0.834035,BAL,0.0,+,8.0
2025-10-31T19:20:17,130.718,pressure_release,200,6522,6529,6522,6529,140.0,140.0,0.0,0.201636,0.162205,0.865038,0.0,0.0,0.5178595283975008,OK,272.6436,219.4328,0.1,0,2844.050667,2341.237333,0.823205,1.99153,1.738522,0.872958,BAL,0.0,+,6.0
2025-10-31T19:20:17,131.375,pressure_release,201,6553,6560,6553,6560,140.0,140.0,0.0,0.253671,0.295744,0.865038,0.0,0.0,0.31704633672278043,OK,272.6436,219.4328,0.1,0,2693.397333,2337.168,0.86774,1.886036,1.7355,0.920184,BAL,0.0,+,6.0
2025-10-31T19:20:18,131.968,pressure_release,202,6584,6591,6584,6591,140.0,140.0,0.0,0.335134,0.341606,0.865038,0.0,0.0,0.4448875625496356,OK,272.6436,219.4328,0.1,0,2953.072,2477.973333,0.839117,2.067871,1.840057,0.889832,BAL,0.0,+,6.0
2025-10-31T19:20:18,132.578,pressure_release,203,6615,6622,6615,6622,140.0,140.0,0.0,0.274968,0.251862,0.915971,0.0,0.0,0.3156879698110552,OK,272.6436,219.4328,0.1,0,2969.866667,2577.989333,0.868049,2.079632,1.914326,0.920512,BAL,0.0,+,6.0
2025-10-31T19:20:19,133.234,pressure_release,204,6648,6655,6648,6655,140.0,140.0,0.0,0.241795,0.201461,0.915971,0.0,0.0,0.31932931773139667,OK,272.6436,219.4328,0.1,0,2843.072,2465.568,0.86722,1.990845,1.830846,0.919633,BAL,0.0,+,6.0
2025-10-31T19:20:20,133.953,pressure_release,205,6681,6688,6682,6689,140.0,140.0,0.0,0.173989,0.239855,1.019309,20.0,20.0,0.6447921318871749,OK,272.6436,219.4328,0.1,0,2939.290667,2340.386667,0.796242,2.058221,1.73789,0.844365,BAL,20.0,+,8.0
2025-10-31T19:20:20,134.609,pressure_release,206,6716,6723,6717,6724,140.0,140.0,0.0,0.204375,0.300041,1.019309,20.0,20.0,0.5827266378371195,OK,272.6436,219.4328,0.1,0,2839.752,2298.250667,0.809314,1.98852,1.706602,0.858227,BAL,20.0,+,8.0
2025-10-31T19:20:21,135.265,pressure_release,207,6750,6757,6750,6757,140.0,140.0,0.0,0.239312,0.268311,1.121176,0.0,0.0,0.22012144779060377,OK,272.6436,219.4328,0.1,0,2633.514667,2344.061333,0.890089,1.844103,1.740619,0.943884,BAL,0.0,+,8.0
2025-10-31T19:20:22,135.937,pressure_release,208,6783,6790,6783,6790,140.0,140.0,0.0,0.297448,0.338973,1.139604,0.0,0.0,0.18193130847892136,OK,272.6436,219.4328,0.1,0,2846.765333,2559.389333,0.899052,1.993431,1.900514,0.953389,BAL,0.0,+,8.0
2025-10-31T19:20:22,136.593,pressure_release,209,6816,6823,6816,6823,140.0,140.0,0.0,0.301144,0.325149,1.139604,0.0,0.0,0.18989532041737614,OK,272.6436,219.4328,0.1,0,2761.413333,2477.472,0.897175,1.933664,1.839685,0.951399,BAL,0.0,+,8.0
2025-10-31T19:20:23,137.25,pressure_release,210,6848,6855,6848,6855,140.0,140.0,0.0,0.187509,0.18729,1.121176,0.0,0.0,0.171216187176015,OK,272.6436,219.4328,0.1,0,2928.794667,2640.552,0.901583,2.050871,1.960783,0.956073,BAL,0.0,+,8.0
2025-10-31T19:20:24,137.906,pressure_release,211,6881,6888,6881,6888,140.0,140.0,0.0,0.195779,0.184906,1.079712,0.0,0.0,0.18627143270871518,OK,272.6436,219.4328,0.1,0,2751.288,2470.736,0.898029,1.926573,1.834683,0.952304,BAL,0.0,+,8.0
2025-10-31T19:20:24,138.562,pressure_release,212,6913,6920,6913,6920,140.0,140.0,0.0,0.168804,0.167369,0.998835,0.0,0.0,0.11102565590690894,OK,272.6436,219.4328,0.1,0,2610.938667,2391.448,0.915934,1.828295,1.775807,0.971291,BAL,0.0,+,8.0
2025-10-31T19:20:25,139.172,pressure_release,213,6945,6952,6945,6952,140.0,140.0,0.0,0.26875,0.284187,0.998835,0.0,0.0,0.1337434366512415,OK,272.6436,219.4328,0.1,0,2648.706667,2411.624,0.910491,1.854741,1.790789,0.965519,BAL,0.0,+,8.0
2025-10-31T19:20:26,139.828,pressure_release,214,6976,6983,6976,6983,140.0,140.0,0.0,0.255473,0.285193,0.998835,0.0,0.0,0.17791959118760167,OK,272.6436,219.4328,0.1,0,2912.128,2620.912,0.899999,2.039201,1.946199,0.954393,BAL,0.0,+,8.0
2025-10-31T19:20:26,140.437,pressure_release,215,7008,7015,7008,7015,140.0,140.0,0.0,0.263271,0.274773,1.043689,0.0,0.0,0.2004743376072803,OK,272.6436,219.4328,0.1,0,2828.656,2530.768,0.894689,1.98075,1.879261,0.948762,BAL,0.0,+,6.0
2025-10-31T19:20:27,141.093,pressure_release,216,7040,7047,7040,7047,140.0,140.0,0.0,0.192768,0.195158,1.043689,0.0,0.0,0.29447671170569817,OK,272.6436,219.4328,0.1,0,2886.941333,2519.992,0.872893,2.021564,1.871259,0.925649,BAL,0.0,+,0.0
2025-10-31T19:20:28,141.75,pressure_release,217,7074,7081,7074,7081,140.0,140.0,0.0,0.188421,0.202643,1.057438,0.0,0.0,0.24252185516886762,OK,272.6436,219.4328,0.1,0,2643.661333,2339.304,0.884873,1.851208,1.737086,0.938353,BAL,0.0,+,0.0
2025-10-31T19:20:28,142.468,pressure_release,218,7108,7115,7108,7115,140.0,140.0,0.0,0.179259,0.229431,1.075478,0.0,0.0,0.1298570206078626,OK,272.6436,219.4328,0.1,0,2351.485333,2143.189333,0.911419,1.646614,1.591458,0.966504,BAL,0.0,+,0.0
2025-10-31T19:20:29,143.078,pressure_release,219,7140,7147,7140,7147,140.0,140.0,0.0,0.209856,0.223315,1.064134,0.0,0.0,0.2521118664289383,OK,272.6436,219.4328,0.1,0,2627.072,2318.784,0.88265,1.839592,1.721849,0.935995,BAL,0.0,+,0.0
2025-10-31T19:20:30,143.734,pressure_release,220,7173,7180,7173,7180,140.0,140.0,0.0,0.295353,0.288466,1.064134,0.0,0.0,0.37326543954287966,OK,272.6436,219.4328,0.1,0,2792.656,2387.816,0.855034,1.955541,1.77311,0.906711,BAL,0.0,+,0.0
2025-10-31T19:20:30,144.39,pressure_release,221,7206,7213,7206,7213,140.0,140.0,0.0,0.279569,0.257862,1.064134,0.0,0.0,0.42946861603618935,OK,272.6436,219.4328,0.1,0,2767.154667,2331.381333,0.842519,1.937684,1.731203,0.893439,BAL,0.0,+,0.0
2025-10-31T19:20:31,145.047,pressure_release,222,7239,7246,7239,7246,140.0,140.0,0.0,0.203461,0.218373,1.064134,0.0,0.0,0.4544257394860977,OK,272.6436,219.4328,0.1,0,2816.357333,2357.349333,0.837021,1.972138,1.750486,0.887608,BAL,0.0,+,0.0
2025-10-31T19:20:32,145.765,pressure_release,223,7273,7280,7273,7280,140.0,140.0,0.0,0.199027,0.220084,1.064134,0.0,0.0,0.4371553308591461,OK,272.6436,219.4328,0.1,0,2637.866667,2217.976,0.840822,1.847151,1.646992,0.891639,BAL,0.0,+,0.0
2025-10-31T19:20:32,146.375,pressure_release,224,7305,7312,7305,7312,140.0,140.0,0.0,0.209944,0.218851,1.042421,0.0,0.0,0.36481287368534043,OK,272.6436,219.4328,0.1,0,2645.109333,2266.68,0.856932,1.852222,1.683158,0.908724,BAL,0.0,+,0.0
2025-10-31T19:20:33,147.031,pressure_release,225,7337,7344,7337,7344,140.0,140.0,0.0,0.249092,0.267098,1.072289,0.0,0.0,0.3015161472296673,OK,272.6436,219.4328,0.1,0,2899.248,2526.064,0.871282,2.030181,1.875768,0.923941,BAL,0.0,+,0.0
2025-10-31T19:20:33,147.687,pressure_release,226,7369,7376,7369,7376,140.0,140.0,0.0,0.226626,0.226117,1.072289,0.0,0.0,0.3702988182408946,OK,272.6436,219.4328,0.1,0,2975.296,2545.962667,0.855701,2.083434,1.890544,0.907417,BAL,0.0,+,0.0
2025-10-31T19:20:34,148.343,pressure_release,227,7401,7408,7402,7409,140.0,140.0,0.0,0.176205,0.234049,1.072289,20.0,20.0,0.7143293856743442,OK,272.6436,219.4328,0.1,0,2983.690667,2332.789333,0.781847,2.089312,1.732249,0.8291,BAL,20.0,+,6.0
2025-10-31T19:20:35,148.953,pressure_release,228,7434,7441,7434,7441,140.0,140.0,0.0,0.21446,0.173883,1.042421,0.0,0.0,0.47932691437853986,OK,272.6436,219.4328,0.1,0,2969.810667,2469.605333,0.83157,2.079593,1.833844,0.881828,BAL,0.0,+,6.0
2025-10-31T19:20:35,149.609,pressure_release,229,7467,7474,7467,7474,140.0,140.0,0.0,0.215427,0.195083,0.997755,0.0,0.0,0.5275735559483132,OK,272.6436,219.4328,0.1,0,2936.858667,2411.482667,0.82111,2.056518,1.790684,0.870736,BAL,0.0,+,6.0
2025-10-31T19:20:36,150.265,pressure_release,230,7499,7506,7499,7506,140.0,140.0,0.0,0.194258,0.2026,0.997755,0.0,0.0,0.41728707428780976,OK,272.6436,219.4328,0.1,0,2715.936,2295.552,0.845216,1.901818,1.704598,0.896299,BAL,0.0,+,6.0
2025-10-31T19:20:37,150.984,pressure_release,231,7531,7538,7531,7538,140.0,140.0,0.0,0.279501,0.298201,1.042943,0.0,0.0,0.39075062771822794,OK,272.6436,219.4328,0.1,0,2904.866667,2472.392,0.851121,2.034116,1.835913,0.902561,BAL,0.0,+,6.0
2025-10-31T19:20:37,151.531,pressure_release,232,7563,7570,7563,7570,140.0,140.0,0.0,0.324693,0.323087,0.995055,0.0,0.0,0.3777996689792709,OK,272.6436,219.4328,0.1,0,2871.376,2452.208,0.854018,2.010664,1.820925,0.905633,BAL,0.0,+,6.0
2025-10-31T19:20:38,152.187,pressure_release,233,7594,7601,7594,7601,140.0,140.0,0.0,0.222319,0.216453,0.995055,0.0,0.0,0.32428116433593773,OK,272.6436,219.4328,0.1,0,3051.856,2643.194667,0.866094,2.137044,1.962745,0.918439,BAL,0.0,+,6.0
2025-10-31T19:20:39,152.797,pressure_release,234,7626,7633,7626,7633,140.0,140.0,0.0,0.20902,0.185202,0.995055,0.0,0.0,0.3874285926562931,OK,272.6436,219.4328,0.1,0,3001.970667,2557.269333,0.851864,2.102112,1.89894,0.903348,BAL,0.0,+,6.0
2025-10-31T19:20:39,153.453,pressure_release,235,7659,7666,7659,7666,140.0,140.0,0.0,0.256155,0.250824,0.979187,0.0,0.0,0.32086726801997184,OK,272.6436,219.4328,0.1,0,2839.658667,2461.616,0.86687,1.988454,1.827911,0.919262,BAL,0.0,+,6.0
2025-10-31T19:20:40,154.109,pressure_release,236,7692,7699,7692,7699,140.0,140.0,0.0,0.253601,0.259985,0.979187,0.0,0.0,0.2550082521123754,OK,272.6436,219.4328,0.1,0,2808.501333,2477.04,0.881979,1.966637,1.839364,0.935284,BAL,0.0,+,6.0
2025-10-31T19:20:41,154.765,pressure_release,237,7725,7732,7725,7732,140.0,140.0,0.0,0.272747,0.279375,0.979187,0.0,0.0,0.23999619126582908,OK,272.6436,219.4328,0.1,0,2629.453333,2328.274667,0.88546,1.841259,1.728896,0.938975,BAL,0.0,+,0.0
2025-10-31T19:20:41,155.422,pressure_release,238,7756,7763,7756,7763,140.0,140.0,0.0,0.273688,0.295393,1.024304,0.0,0.0,0.16955811615434271,OK,272.6436,219.4328,0.1,0,2884.341333,2601.605333,0.901976,2.019743,1.931862,0.956489,BAL,0.0,+,0.0
2025-10-31T19:20:42,156.031,pressure_release,239,7787,7794,7787,7794,140.0,140.0,0.0,0.252635,0.256457,1.024304,0.0,0.0,0.14371629823735715,OK,272.6436,219.4328,0.1,0,3018.453333,2741.093333,0.908112,2.113654,2.035441,0.962996,BAL,0.0,+,0.0
2025-10-31T19:20:42,156.687,pressure_release,240,7819,7826,7819,7826,140.0,140.0,0.0,0.277598,0.270218,1.024304,0.0,0.0,0.17463823833823863,OK,272.6436,219.4328,0.1,0,2912.424,2623.437333,0.900775,2.039408,1.948074,0.955215,BAL,0.0,+,0.0
2025-10-31T19:20:43,157.297,pressure_release,241,7851,7858,7851,7858,140.0,140.0,0.0,0.268152,0.262946,1.015128,0.0,0.0,0.21670271372772473,OK,272.6436,219.4328,0.1,0,2853.669333,2542.298667,0.890888,1.998265,1.887823,0.944731,BAL,0.0,+,0.0
2025-10-31T19:20:44,157.953,pressure_release,242,7882,7889,7882,7889,140.0,140.0,0.0,0.168655,0.163635,0.980585,0.0,0.0,0.39278664651718903,OK,272.6436,219.4328,0.1,0,3040.314667,2586.293333,0.850666,2.128963,1.920492,0.902079,BAL,0.0,+,0.0
2025-10-31T19:20:44,158.547,pressure_release,243,7914,7921,7914,7921,140.0,140.0,0.0,0.192974,0.197216,0.980585,0.0,0.0,0.32802627699973685,OK,272.6436,219.4328,0.1,0,2811.6,2432.717333,0.865243,1.968806,1.806452,0.917537,BAL,0.0,+,0.0
2025-10-31T19:20:45,159.203,pressure_release,244,7945,7952,7945,7952,140.0,140.0,0.0,0.258483,0.279436,0.980585,0.0,0.0,0.24550445538124285,OK,272.6436,219.4328,0.1,0,2945.157333,2604.053333,0.884181,2.062329,1.93368,0.937619,BAL,0.0,+,0.0
2025-10-31T19:20:46,159.812,pressure_release,245,7976,7983,7976,7983,140.0,140.0,0.0,0.272992,0.295168,1.021982,0.0,0.0,0.24617118653981462,OK,272.6436,219.4328,0.1,0,3121.064,2759.101333,0.884026,2.185507,2.048813,0.937455,BAL,0.0,+,0.0
2025-10-31T19:20:46,160.468,pressure_release,246,8008,8015,8008,8015,140.0,140.0,0.0,0.306025,0.313434,1.024212,0.0,0.0,0.25056070002476,OK,272.6436,219.4328,0.1,0,2947.706667,2602.850667,0.883009,2.064114,1.932787,0.936376,BAL,0.0,+,0.0
2025-10-31T19:20:47,161.078,pressure_release,247,8040,8047,8040,8047,140.0,140.0,0.0,0.271374,0.255614,1.024212,0.0,0.0,0.326551874415214,OK,272.6436,219.4328,0.1,0,3075.093333,2661.733333,0.865578,2.153316,1.976511,0.917892,BAL,0.0,+,0.0
2025-10-31T19:20:48,161.734,pressure_release,248,8072,8079,8072,8079,140.0,140.0,0.0,0.205537,0.188555,1.024212,0.0,0.0,0.3754856126489574,OK,272.6436,219.4328,0.1,0,3143.216,2685.992,0.854536,2.201019,1.994525,0.906183,BAL,0.0,+,0.0
2025-10-31T19:20:48,162.39,pressure_release,249,8105,8112,8105,8112,140.0,140.0,0.0,0.212442,0.194768,0.941926,0.0,0.0,0.40669187351880776,OK,272.6436,219.4328,0.1,0,3051.178667,2586.082667,0.847568,2.13657,1.920336,0.898794,BAL,0.0,+,0.0
2025-10-31T19:20:49,163.047,pressure_release,250,8138,8145,8138,8145,140.0,140.0,0.0,0.226332,0.241054,0.941926,0.0,0.0,0.24839582248580488,OK,272.6436,219.4328,0.1,0,2803.573333,2476.986667,0.883511,1.963186,1.839325,0.936908,BAL,0.0,+,0.0
2025-10-31T19:20:49,163.656,pressure_release,251,8169,8176,8169,8176,140.0,140.0,0.0,0.194429,0.233889,0.941926,0.0,0.0,0.15918366366805886,OK,272.6436,219.4328,0.1,0,2691.589333,2434.365333,0.904434,1.88477,1.807676,0.959096,BAL,0.0,+,0.0
2025-10-31T19:20:50,164.312,pressure_release,252,8201,8208,8201,8208,140.0,140.0,0.0,0.216157,0.289279,1.065046,0.0,0.0,0.0763336140849825,OK,272.6436,219.4328,0.1,0,2405.76,2223.664,0.924308,1.684619,1.651216,0.980172,BAL,0.0,+,0.0
2025-10-31T19:20:51,164.906,pressure_release,253,8232,8239,8232,8239,140.0,140.0,0.0,0.167636,0.207598,1.202958,0.0,0.0,0.12674679810293102,OK,272.6436,219.4328,0.1,0,2159.042667,1969.4,0.912164,1.511857,1.462408,0.967293,BAL,0.0,+,0.0
2025-10-31T19:20:51,165.578,pressure_release,254,8264,8271,8263,8270,140.0,140.0,0.0,0.19534,0.16008,1.202958,20.0,-20.0,0.7133934806075775,OK,272.6436,219.4328,0.1,0,1610.674667,1831.509333,1.137107,1.127866,1.360016,1.205831,BAL,20.0,-,6.0
2025-10-31T19:20:52,166.234,pressure_release,255,8296,8303,8295,8302,140.0,140.0,0.0,0.152674,0.140829,1.202958,20.0,-20.0,0.9898890719870028,OK,272.6436,219.4328,0.1,0,1371.245333,1676.568,1.222661,0.960207,1.244961,1.296556,BAL,20.0,-,8.0
2025-10-31T19:20:53,166.828,pressure_release,256,8328,8335,8327,8334,140.0,140.0,0.0,0.129931,0.168775,1.238384,20.0,-20.0,1.3402103620598904,OK,272.6436,219.4328,0.1,0,1035.032,1387.32,1.340364,0.724775,1.030176,1.421373,L↓,20.0,-,9.165
2025-10-31T19:20:53,167.484,pressure_release,257,8360,8367,8358,8365,140.0,140.0,0.0,0.147906,0.150079,1.014693,40.0,-40.0,1.9195300796635686,OK,272.6436,219.4328,0.1,0,994.816,1552.298667,1.560388,0.696614,1.152683,1.654694,L↓,40.0,-,13.416
2025-10-31T19:20:54,168.203,pressure_release,258,8393,8400,8391,8398,140.0,140.0,0.0,0.188281,0.160471,0.922418,40.0,-40.0,1.7272486917607532,OK,272.6436,219.4328,0.1,0,980.898667,1455.282667,1.483622,0.686869,1.080643,1.573289,L↓,40.0,-,15.62
2025-10-31T19:20:55,168.875,pressure_release,259,8426,8433,8424,8431,140.0,140.0,0.0,0.119066,0.112733,0.946805,40.0,-40.0,1.9101666057749778,OK,272.6436,219.4328,0.1,0,895.368,1393.693333,1.556559,0.626976,1.034908,1.650634,L↓,40.0,-,16.613
2025-10-31T19:20:55,169.468,pressure_release,260,8459,8466,8458,8465,140.0,140.0,0.0,0.02493,0.088849,1.014693,20.0,-20.0,1.9044010189603142,OK,272.6436,219.4328,0.1,0,832.408,1293.733333,1.554206,0.582889,0.960682,1.648139,L↓,20.0,-,15.492
2025-10-31T19:20:56,170.125,pressure_release,261,8493,8500,8492,8499,140.0,140.0,0.0,0.018885,0.1056,1.014693,20.0,-20.0,2.3735201264843155,OK,272.6436,219.4328,0.1,0,720.181333,1265.912,1.757768,0.504303,0.940022,1.864004,L↓,20.0,-,14.0
2025-10-31T19:20:57,170.797,pressure_release,262,8526,8533,8526,8533,140.0,140.0,0.0,0.041306,0.129997,2.0,0.0,0.0,3.0324199088905477,WARN,272.6436,219.4328,0.1,0,512.456,1070.768,2.089483,0.358844,0.795115,2.215767,L↓,0.0,+,14.0
2025-10-31T19:20:57,171.453,pressure_release,263,8559,8566,8558,8565,140.0,140.0,0.0,0.069408,0.136061,2.0,20.0,-20.0,2.9742825621977524,WARN,272.6436,219.4328,0.1,0,582.389333,1198.472,2.057854,0.407815,0.889944,2.182226,L↓,20.0,-,12.0
2025-10-31T19:20:58,172.109,pressure_release,264,8592,8599,8590,8597,140.0,140.0,0.0,0.146468,0.112437,2.0,40.0,-40.0,3.129224605361553,WARN,272.6436,219.4328,0.1,0,566.130667,1213.349333,2.143232,0.39643,0.900991,2.272764,L↓,40.0,-,12.806
2025-10-31T19:20:59,172.765,pressure_release,265,8624,8631,8622,8629,140.0,140.0,0.0,0.092702,0.078557,1.960324,40.0,-40.0,3.390976875923367,WARN,272.6436,219.4328,0.1,0,522.952,1200.482667,2.295589,0.366194,0.891437,2.434329,L↓,40.0,-,13.266
2025-10-31T19:20:59,173.437,pressure_release,266,8656,8663,8655,8662,140.0,140.0,0.0,0.026882,0.081845,1.960324,20.0,-20.0,2.8401381154423286,WARN,272.6436,219.4328,0.1,0,556.061333,1104.72,1.986687,0.389379,0.820327,2.106759,L↓,20.0,-,13.266
2025-10-31T19:21:01,174.75,pressure_release,267,8723,8730,8721,8728,140.0,140.0,0.0,0.002731,0.095397,1.960324,40.0,-40.0,2.8322093082485114,WARN,272.6436,219.4328,0.1,0,521.218667,1033.346667,1.982559,0.36498,0.767328,2.102381,L↓,40.0,-,13.266
2025-10-31T19:21:01,175.406,pressure_release,268,8755,8762,8753,8760,140.0,140.0,0.0,0.071896,0.151914,2.0,40.0,-40.0,2.7062319504002357,WARN,272.6436,219.4328,0.1,0,592.549333,1136.570667,1.918103,0.414929,0.843978,2.034029,L↓,40.0,-,13.266
2025-10-31T19:21:02,176.078,pressure_release,269,8788,8795,8786,8793,140.0,140.0,0.0,0.150985,0.201651,2.0,40.0,-40.0,2.522175615740195,WARN,272.6436,219.4328,0.1,0,648.509333,1185.266667,1.827679,0.454115,0.880138,1.93814,L↓,40.0,-,13.266
2025-10-31T19:21:02,176.672,pressure_release,270,8820,8827,8819,8826,140.0,140.0,0.0,0.097787,0.140243,2.0,20.0,-20.0,1.9875008296119725,WARN,272.6436,219.4328,0.1,0,779.104,1237.578667,1.588464,0.545563,0.918983,1.684467,L↓,20.0,-,13.266
2025-10-31T19:21:03,177.39,pressure_release,271,8854,8861,8852,8859,140.0,140.0,0.0,0.072838,0.069476,1.434164,40.0,-40.0,2.3451888259398253,OK,272.6436,219.4328,0.1,0,792.450667,1382.629333,1.744751,0.554909,1.026693,1.8502,L↓,40.0,-,13.416
2025-10-31T19:21:04,178.047,pressure_release,272,8888,8895,8886,8893,140.0,140.0,0.0,0.066693,0.057859,1.335571,40.0,-40.0,2.063279369597154,OK,272.6436,219.4328,0.1,0,853.597333,1383.136,1.620361,0.597727,1.027069,1.718292,L↓,40.0,-,9.165
2025-10-31T19:21:05,178.703,pressure_release,273,8920,8927,8919,8926,140.0,140.0,0.0,0.054904,0.099049,1.335571,20.0,-20.0,1.512827854823778,OK,272.6436,219.4328,0.1,0,945.888,1326.573333,1.402463,0.662353,0.985068,1.487225,L↓,20.0,-,9.165
2025-10-31T19:21:05,179.375,pressure_release,274,8953,8960,8952,8959,140.0,140.0,0.0,0.112252,0.209348,1.434164,20.0,-20.0,1.470475989138432,OK,272.6436,219.4328,0.1,0,1018.466667,1412.578667,1.386966,0.713175,1.048932,1.470791,L↓,20.0,-,9.798
2025-10-31T19:21:06,179.968,pressure_release,275,8985,8992,8985,8992,140.0,140.0,0.0,0.102845,0.273165,1.804032,0.0,0.0,1.0746669331483796,WARN,272.6436,219.4328,0.1,0,1215.024,1518.976,1.250161,0.850813,1.127939,1.325718,L↓,0.0,+,13.266
