timestamp,sensor1_smoothed,sensor1_bpm,sensor2_smoothed,sensor2_bpm,status
00:15.8,3890.25,0,3890.25,0,SKIP
00:15.8,3685.5,0,3685.5,0,SKIP
00:15.8,3480.75,0,3480.75,0,SKIP
00:15.8,3276,0,3276,0,SKIP
00:15.8,3071.25,0,3071.25,0,SKIP
00:15.8,2866.5,0,2866.5,0,SKIP
00:15.9,2661.75,0,2661.75,0,SKIP
00:15.9,2457,0,2457,0,SKIP
00:15.9,2252.25,0,2252.25,0,SKIP
00:15.9,2047.5,0,2047.5,0,SKIP
00:15.9,1842.75,0,1842.75,0,SKIP
00:15.9,1638,0,1638,0,SKIP
00:15.9,1433.25,0,1433.25,0,SKIP
00:15.9,1228.5,0,1228.5,0,SKIP
00:15.9,1023.75,0,1023.75,0,SKIP
00:15.9,819,0,819,0,SKIP
00:15.9,614.25,0,614.25,0,SKIP
00:15.9,409.5,0,409.5,0,SKIP
00:15.9,204.75,0,204.75,0,SKIP
00:15.9,0,0,0,0,SKIP
00:15.9,0,0,0,0,SKIP
00:15.9,0,0,0,0,SKIP
00:15.9,0,0,0,0,SKIP
00:15.9,0,0,0,0,SKIP
00:15.9,0,0,0,0,SKIP
00:15.9,0,0,0,0,SKIP
00:15.9,0,0,0,0,SKIP
00:15.9,0,0,0,0,SKIP
00:15.9,0,0,0,0,SKIP
00:15.9,0,0,0,0,SKIP
00:15.9,0,0,0,0,SKIP
00:15.9,0,0,0,0,SKIP
00:15.9,0,0,0,0,SKIP
00:15.9,0,0,0,0,SKIP
00:15.9,0,0,0,0,SKIP
00:15.9,0,0,0,0,SKIP
00:15.9,0,0,0,0,SKIP
00:15.9,0,0,0,0,SKIP
00:15.9,0,0,0,0,SKIP
00:15.9,0,0,0,0,SKIP
00:15.9,0,0,0,0,SKIP
00:15.9,0,0,0,0,SKIP
00:15.9,0,0,0,0,SKIP
00:15.9,0,0,0,0,SKIP
00:15.9,0,0,0,0,SKIP
00:15.9,0,0,0,0,SKIP
00:15.9,0,0,0,0,SKIP
00:15.9,0,0,0,0,SKIP
00:15.9,0,0,0,0,SKIP
00:15.9,0,0,0,0,SKIP
00:15.9,0,0,0,0,SKIP
00:15.9,0,0,0,0,SKIP
00:15.9,0,0,0,0,SKIP
00:15.9,0,0,0,0,SKIP
00:15.9,0,0,0,0,SKIP
00:15.9,0,0,0,0,SKIP
00:15.9,0,0,0,0,SKIP
00:15.9,0,0,0,0,SKIP
00:15.9,0,0,0,0,SKIP
00:15.9,0,0,0,0,SKIP
00:15.9,0,0,0,0,SKIP
00:15.9,0,0,0,0,SKIP
00:15.9,0,0,0,0,SKIP
00:15.9,0,0,0,0,SKIP
00:15.9,0,0,0,0,SKIP
00:15.9,0,0,0,0,SKIP
00:15.9,0,0,0,0,SKIP
00:15.9,0,0,0,0,SKIP
00:15.9,0,0,0,0,SKIP
00:15.9,0,0,0,0,SKIP
00:15.9,0,0,0,0,SKIP
00:15.9,0,0,0,0,SKIP
00:15.9,0,0,0,0,SKIP
00:15.9,0,0,0,0,SKIP
00:15.9,0,0,0,0,SKIP
00:15.9,0,0,0,0,SKIP
00:15.9,0,0,0,0,SKIP
00:15.9,0,0,0,0,SKIP
00:15.9,0,0,0,0,SKIP
00:15.9,0,0,0,0,SKIP
00:15.9,0,0,0,0,SKIP
00:15.9,0,0,0,0,SKIP
00:15.9,0,0,0,0,SKIP
00:15.9,0,0,0,0,SKIP
00:15.9,0,0,0,0,SKIP
00:15.9,0,0,0,0,SKIP
00:15.9,0,0,0,0,SKIP
00:15.9,0,0,0,0,SKIP
00:15.9,0,0,0,0,SKIP
00:15.9,0,0,0,0,SKIP
00:15.9,0,0,0,0,SKIP
00:15.9,0,0,0,0,SKIP
00:15.9,0,0,0,0,SKIP
00:15.9,0,0,0,0,SKIP
00:15.9,0,0,0,0,SKIP
00:15.9,0,0,0,0,SKIP
00:15.9,0,0,0,0,SKIP
00:15.9,0,0,0,0,SKIP
00:15.9,0,0,0,0,SKIP
00:15.9,0,0,0,0,SKIP
00:15.9,0,0,0,0,SKIP
00:15.9,0,0,0,0,SKIP
00:15.9,0,0,0,0,SKIP
00:15.9,0,0,0,0,SKIP
00:15.9,0,0,0,0,SKIP
00:15.9,0,0,0,0,SKIP
00:15.9,0,0,0,0,SKIP
00:15.9,0,0,0,0,SKIP
00:15.9,0,0,-149.15,0,SKIP
00:15.9,0,0,-339.85,0,SKIP
00:15.9,0,0,-531.5,0,SKIP
00:15.9,0,0,-719.7,0,SKIP
00:15.9,0,0,-897.4,0,SKIP
00:15.9,0,0,-1065.5,0,SKIP
00:15.9,0,0,-1220.1,0,SKIP
00:15.9,0,0,-1367.95,0,SKIP
00:15.9,0,0,-1506.9,0,SKIP
00:15.9,0,0,-1639.65,0,SKIP
00:15.9,0,0,-1743.1,0,SKIP
00:15.9,0,0,-1847.6,0,SKIP
00:15.9,0,0,-1932.55,0,SKIP
00:15.9,0,0,-1990.75,0,SKIP
00:15.9,0,0,-2030.6,0,SKIP
00:15.9,0,0,-2041.1,0,SKIP
00:15.9,0,0,-2030.85,0,SKIP
00:15.9,0,0,-1983.35,0,SKIP
00:15.9,0,0,-1902.95,0,SKIP
00:15.9,0,0,-1796.7,0,SKIP
00:15.9,0,0,-1629.8,0,SKIP
00:15.9,0,0,-1443.35,0,SKIP
00:15.9,0,0,-1267.95,0,SKIP
00:15.9,0,0,-1104,0,SKIP
00:15.9,0,0,-951.55,0,SKIP
00:15.9,0,0,-810.7,0,SKIP
00:15.9,0,0,-681.35,0,SKIP
00:15.9,0,0,-563.75,0,SKIP
00:15.9,0,0,-458.05,0,SKIP
00:15.9,0,0,-364.55,0,SKIP
00:15.9,0,0,-282.35,0,SKIP
00:15.9,0,0,-212.1,0,SKIP
00:15.9,0,0,-153.4,0,SKIP
00:15.9,0,0,-105.45,0,SKIP
00:15.9,0,0,-67.85,0,SKIP
00:15.9,0,0,-39.6,0,SKIP
00:15.9,0,0,-20.1,0,SKIP
00:15.9,0,0,-7.85,0,SKIP
00:15.9,0,0,-1.5,0,SKIP
00:15.9,0,0,0,0,SKIP
00:15.9,0,0,0,0,SKIP
00:15.9,0,0,0,0,SKIP
00:15.9,0,0,0,0,SKIP
00:15.9,0,0,0,0,SKIP
00:15.9,0,0,0,0,SKIP
00:15.9,0,0,0,0,SKIP
00:15.9,0,0,0,0,SKIP
00:15.9,0,0,0,0,SKIP
00:15.9,0,0,0,0,SKIP
00:15.9,0,0,0,0,SKIP
00:15.9,0,0,0,0,SKIP
00:15.9,0,0,0,0,SKIP
00:15.9,0,0,0,0,SKIP
00:15.9,0,0,0,0,SKIP
00:15.9,0,0,0,0,SKIP
00:15.9,0,0,0,0,SKIP
00:15.9,0,0,0,0,SKIP
00:15.9,0,0,0,0,SKIP
00:15.9,0,0,0,0,SKIP
00:15.9,0,0,0,0,SKIP
00:15.9,0,0,0,0,SKIP
00:15.9,0,0,0,0,SKIP
00:15.9,0,0,0,0,SKIP
00:15.9,0,0,0,0,SKIP
00:15.9,0,0,0,0,SKIP
00:15.9,0,0,0,0,SKIP
00:15.9,0,0,0,0,SKIP
00:15.9,0,0,0,0,SKIP
00:15.9,0,0,0,0,SKIP
00:15.9,0,0,0,0,SKIP
00:15.9,0,0,0,0,SKIP
00:15.9,0,0,0,0,SKIP
00:15.9,0,0,0,0,SKIP
00:15.9,0,0,0,0,SKIP
00:15.9,0,0,0,0,SKIP
00:15.9,0,0,0,0,SKIP
00:15.9,0,0,0,0,SKIP
00:15.9,0,0,0,0,SKIP
00:15.9,0,0,0,0,SKIP
00:15.9,0,0,0,0,SKIP
00:15.9,0,0,0,0,SKIP
00:15.9,0,0,0,0,SKIP
00:15.9,0,0,0,0,SKIP
00:15.9,0,0,0,0,SKIP
00:15.9,0,0,0,0,SKIP
00:15.9,0,0,0,0,SKIP
00:15.9,0,0,0,0,SKIP
00:15.9,0,0,0,0,SKIP
00:15.9,0,0,0,0,SKIP
00:15.9,0,0,0,0,SKIP
00:15.9,0,0,0,0,SKIP
00:15.9,0,0,0,0,SKIP
00:15.9,0,0,0,0,SKIP
00:16.0,0,0,0,0,SKIP
00:16.0,0,0,0,0,SKIP
00:16.0,0,0,0,0,SKIP
00:16.0,0,0,0,0,SKIP
00:16.0,0,0,0,0,SKIP
00:16.0,0,0,0,0,SKIP
00:16.0,0,0,0,0,SKIP
00:16.0,0,0,0,0,SKIP
00:16.0,0,0,0,0,SKIP
00:16.0,0,0,0,0,SKIP
00:16.1,0,0,0,0,SKIP
00:16.1,0,0,0,0,SKIP
00:16.1,0,0,0,0,SKIP
00:16.1,0,0,0,0,SKIP
00:16.1,0,0,0,0,SKIP
00:16.1,0,0,0,0,SKIP
00:16.1,0,0,0,0,SKIP
00:16.1,0,0,0,0,SKIP
00:16.1,0,0,0,0,SKIP
00:16.1,0,0,0,0,SKIP
00:16.2,0,0,0,0,SKIP
00:16.2,0,0,0,0,SKIP
00:16.2,0,0,0,0,SKIP
00:16.2,0,0,0,0,SKIP
00:16.2,0,0,0,0,SKIP
00:16.2,0,0,0,0,SKIP
00:16.2,0,0,0,0,SKIP
00:16.2,0,0,0,0,SKIP
00:16.2,0,0,0,0,SKIP
00:16.2,0,0,0,0,SKIP
00:16.3,0,0,0,0,SKIP
00:16.3,0,0,0,0,SKIP
00:16.3,0,0,0,0,SKIP
00:16.3,0,0,0,0,SKIP
00:16.3,0,0,0,0,SKIP
00:16.3,0,0,0,0,SKIP
00:16.3,0,0,0,0,SKIP
00:16.3,0,0,0,0,SKIP
00:16.3,0,0,0,0,SKIP
00:16.3,0,0,0,0,SKIP
00:16.4,0,0,0,0,SKIP
00:16.4,0,0,0,0,SKIP
00:16.4,0,0,0,0,SKIP
00:16.4,0,0,0,0,SKIP
00:16.4,0,0,0,0,SKIP
00:16.4,0,0,0,0,SKIP
00:16.4,0,0,0,0,SKIP
00:16.4,0,0,0,0,SKIP
00:16.4,0,0,0,0,SKIP
00:16.4,0,0,0,0,SKIP
00:16.5,0,0,0,0,SKIP
00:16.5,0,0,0,0,SKIP
00:16.5,0,0,0,0,SKIP
00:16.5,0,0,0,0,SKIP
00:16.5,0,0,0,0,SKIP
00:16.5,0,0,0,0,SKIP
00:16.5,0,0,0,0,SKIP
00:16.5,0,0,0,0,SKIP
00:16.5,0,0,0,0,SKIP
00:16.6,0,0,0,0,SKIP
00:16.6,0,0,0,0,SKIP
00:16.6,0,0,0,0,SKIP
00:16.6,0,0,0,0,SKIP
00:16.6,0,0,0,0,SKIP
00:16.6,0,0,0,0,SKIP
00:16.6,0,0,0,0,SKIP
00:16.6,0,0,0,0,SKIP
00:16.6,0,0,0,0,SKIP
00:16.6,0,0,0,0,SKIP
00:16.7,0,0,0,0,SKIP
00:16.7,0,0,0,0,SKIP
00:16.7,0,0,0,0,SKIP
00:16.7,0,0,0,0,SKIP
00:16.7,0,0,0,0,SKIP
00:16.7,0,0,0,0,SKIP
00:16.7,0,0,0,0,SKIP
00:16.7,0,0,0,0,SKIP
00:16.7,0,0,0,0,SKIP
00:16.7,0,0,0,0,SKIP
00:16.8,0,0,0,0,SKIP
00:16.8,0,0,0,0,SKIP
00:16.8,0,0,0,0,SKIP
00:16.8,0,0,0,0,SKIP
00:16.8,0,0,0,0,SKIP
00:16.8,0,0,0,0,SKIP
00:16.8,0,0,0,0,SKIP
00:16.8,0,0,0,0,SKIP
00:16.8,0,0,0,0,SKIP
00:16.8,0,0,0,0,SKIP
00:16.9,0,0,0,0,SKIP
00:16.9,0,0,0,0,SKIP
00:16.9,0,0,0,0,SKIP
00:16.9,0,0,0,0,SKIP
00:16.9,0,0,0,0,SKIP
00:16.9,0,0,0,0,SKIP
00:16.9,0,0,0,0,SKIP
00:16.9,0,0,0,0,SKIP
00:16.9,0,0,0,0,SKIP
00:16.9,0,0,0,0,SKIP
00:17.0,0,0,0,0,SKIP
00:17.0,0,0,0,0,SKIP
00:17.0,0,0,0,0,SKIP
00:17.0,0,0,0,0,SKIP
00:17.0,0,0,0,0,SKIP
00:17.0,0,0,0,0,SKIP
00:17.0,0,0,0,0,SKIP
00:17.0,0,0,0,0,SKIP
00:17.0,0,0,0,0,SKIP
00:17.0,0,0,0,0,SKIP
00:17.1,0,0,0,0,SKIP
00:17.1,0,0,0,0,SKIP
00:17.1,0,0,0,0,SKIP
00:17.1,0,0,0,0,SKIP
00:17.1,0,0,0,0,SKIP
00:17.1,0,0,0,0,SKIP
00:17.1,0,0,0,0,SKIP
00:17.1,0,0,0,0,SKIP
00:17.1,-32.3,0,0,0,SKIP
00:17.1,-40.1,0,0,0,SKIP
00:17.2,-56.9,0,0,0,SKIP
00:17.2,-87.9,0,0,0,SKIP
00:17.2,-93.35,0,0,0,SKIP
00:17.2,-112.5,0,0,0,SKIP
00:17.2,-138.9,0,0,0,SKIP
00:17.2,-146.45,0,0,0,SKIP
00:17.2,-152.2,0,0,0,SKIP
00:17.2,-172.35,0,0,0,SKIP
00:17.2,-197.55,0,0,0,SKIP
00:17.2,-207.5,0,0,0,SKIP
00:17.2,-220,0,0,0,SKIP
00:17.3,-236.75,0,0,0,SKIP
00:17.3,-257.45,0,0,0,SKIP
00:17.3,-291.3,0,0,0,SKIP
00:17.3,-292.85,0,0,0,SKIP
00:17.3,-295,0,0,0,SKIP
00:17.3,-272,0,0,0,SKIP
00:17.3,-208.95,0,0,0,SKIP
00:17.3,-122.95,0,0,0,SKIP
00:17.3,-22.75,0,0,0,SKIP
00:17.4,86.4,0,0,0,SKIP
00:17.4,202.95,0,0,0,SKIP
00:17.4,283.7,0,0,0,SKIP
00:17.4,302.85,0,0,0,SKIP
00:17.4,294.25,0,0,0,SKIP
00:17.4,284.8,0,0,0,SKIP
00:17.4,274.55,0,0,0,SKIP
00:17.4,262.7,0,0,0,SKIP
00:17.4,248.9,0,0,0,SKIP
00:17.4,233.85,0,0,0,SKIP
00:17.4,217.35,0,0,0,SKIP
00:17.5,199.1,0,0,0,SKIP
00:17.5,178.8,0,0,0,SKIP
00:17.5,155.65,0,0,0,SKIP
00:17.5,131.2,0,0,0,SKIP
00:17.5,105.35,0,0,0,SKIP
00:17.5,79.35,0,0,0,SKIP
00:17.5,55.3,0,0,0,SKIP
00:17.5,34.6,0,0,0,SKIP
00:17.5,18.2,0,0,0,SKIP
00:17.6,6.85,0,0,0,SKIP
00:17.6,1.3,0,0,0,SKIP
00:17.6,0,0,0,0,SKIP
00:17.6,0,0,0,0,SKIP
00:17.6,0,0,0,0,SKIP
00:17.6,0,0,0,0,SKIP
00:17.6,0,0,0,0,SKIP
00:17.6,0,0,0,0,SKIP
00:17.6,0,0,0,0,SKIP
00:17.6,0,0,0,0,SKIP
00:17.7,0,0,0,0,SKIP
00:17.7,0,0,0,0,SKIP
00:17.7,0,0,0,0,SKIP
00:17.7,0,0,0,0,SKIP
00:17.7,0,0,0,0,SKIP
00:17.7,0,0,0,0,SKIP
00:17.7,0,0,0,0,SKIP
00:17.7,0,0,0,0,SKIP
00:17.7,0,0,0,0,SKIP
00:17.7,0,0,0,0,SKIP
00:17.7,0,0,0,0,SKIP
00:17.8,0,0,0,0,SKIP
00:17.8,0,0,0,0,SKIP
00:17.8,0,0,0,0,SKIP
00:17.8,0,0,0,0,SKIP
00:17.8,0,0,0,0,SKIP
00:17.8,0,0,0,0,SKIP
00:17.8,0,0,0,0,SKIP
00:17.8,0,0,0,0,SKIP
00:17.8,0,0,0,0,SKIP
00:17.9,0,0,0,0,SKIP
00:17.9,0,0,0,0,SKIP
00:17.9,0,0,0,0,SKIP
00:17.9,0,0,0,0,SKIP
00:17.9,0,0,0,0,SKIP
00:17.9,0,0,0,0,SKIP
00:17.9,0,0,0,0,SKIP
00:17.9,0,0,0,0,SKIP
00:17.9,0,0,0,0,SKIP
00:17.9,0,0,0,0,SKIP
00:18.0,0,0,0,0,SKIP
00:18.0,0,0,0,0,SKIP
00:18.0,0,0,0,0,SKIP
00:18.0,0,0,0,0,SKIP
00:18.0,0,0,0,0,SKIP
00:18.0,0,0,0,0,SKIP
00:18.0,0,0,0,0,SKIP
00:18.0,0,0,0,0,SKIP
00:18.0,0,0,0,0,SKIP
00:18.0,0,0,0,0,SKIP
00:18.0,0,0,0,0,SKIP
00:18.1,0,0,0,0,SKIP
00:18.1,0,0,0,0,SKIP
00:18.1,0,0,0,0,SKIP
00:18.1,0,0,0,0,SKIP
00:18.1,0,0,0,0,SKIP
00:18.1,0,0,0,0,SKIP
00:18.1,0,0,0,0,SKIP
00:18.1,0,0,0,0,SKIP
00:18.1,0,0,0,0,SKIP
00:18.1,0,0,0,0,SKIP
00:18.2,0,0,0,0,SKIP
00:18.2,0,0,0,0,SKIP
00:18.2,0,0,0,0,SKIP
00:18.2,0,0,0,0,SKIP
00:18.2,0,0,0,0,SKIP
00:18.2,0,0,0,0,SKIP
00:18.2,0,0,0,0,SKIP
00:18.2,0,0,0,0,SKIP
00:18.2,0,0,0,0,SKIP
00:18.2,0,0,0,0,SKIP
00:18.3,0,0,0,0,SKIP
00:18.3,0,0,0,0,SKIP
00:18.3,0,0,319.2,0,SKIP
00:18.3,0,0,834.4,0,SKIP
00:18.3,0,0,1381.45,0,SKIP
00:18.3,0,0,1875.5,0,SKIP
00:18.3,0,0,2285.4,0,SKIP
00:18.3,0,0,2590.25,0,SKIP
00:18.3,0,0,2839.75,0,SKIP
00:18.3,0,0,3062.2,0,SKIP
00:18.4,0,0,2981.45,0,SKIP
00:18.4,0,0,2776.7,0,SKIP
00:18.4,0,0,2571.95,0,SKIP
00:18.4,0,0,2367.2,0,SKIP
00:18.4,0,0,2162.45,0,SKIP
00:18.4,0,0,1957.7,0,SKIP
00:18.4,0,0,1752.95,0,SKIP
00:18.4,0,0,1548.2,0,SKIP
00:18.4,0,0,1343.45,0,SKIP
00:18.5,0,0,1138.7,0,SKIP
00:18.5,0,0,933.95,0,SKIP
00:18.5,0,0,729.2,0,SKIP
00:18.5,0,0,541.25,0,SKIP
00:18.5,0,0,381.3,0,SKIP
00:18.5,0,0,252.5,0,SKIP
00:18.5,0,0,153.7,0,SKIP
00:18.5,0,0,82.05,0,SKIP
00:18.5,0,0,33.45,0,SKIP
00:18.5,0,0,6.2,0,SKIP
00:18.6,-554.8,0,0,0,SKIP
00:18.6,-1155.45,0,0,0,SKIP
00:18.6,-1684.95,0,0,0,SKIP
00:18.6,-2152.9,0,0,0,SKIP
00:18.6,-2526.7,0,-409.45,0,SKIP
00:18.6,-2779.35,0,-1023.45,0,SKIP
00:18.6,-2932.95,0,-1554.6,0,SKIP
00:18.6,-2994.45,0,-2039.7,0,SKIP
00:18.6,-2874.7,0,-2448.2,0,SKIP
00:18.6,-2669.95,0,-2745.5,0,SKIP
00:18.6,-2465.2,0,-2909.4,0,SKIP
00:18.7,-2260.45,0,-2995.1,0,SKIP
00:18.7,-2055.7,0,-2919.35,0,SKIP
00:18.7,-1850.95,0,-2714.6,0,SKIP
00:18.7,-1646.2,0,-2509.85,0,SKIP
00:18.7,-1441.45,0,-2305.1,0,SKIP
00:18.7,-1236.7,0,-2100.35,0,SKIP
00:18.7,-1031.95,9.02,-1895.6,0,SKIP
00:18.7,-827.2,9.02,-1690.85,0,SKIP
00:18.7,-622.45,9.02,-1486.1,0,SKIP
00:18.8,-446.9,9.02,-1281.35,0,SKIP
00:18.8,-304.5,9.02,-1076.6,27.91,OK
00:18.8,-193.25,9.02,-871.85,27.91,OK
00:18.8,-111.55,9.02,-667.1,27.91,OK
00:18.8,-56,9.02,-483.9,27.91,OK
00:18.8,-21.6,9.02,-334.15,27.91,OK
00:18.8,-4.25,9.02,-215.25,27.91,OK
00:18.8,0,9.02,-126.4,27.91,OK
00:18.8,0,9.02,-65.15,27.91,OK
00:18.8,0,9.02,-27.1,27.91,OK
00:18.8,0,9.02,-6.45,27.91,OK
00:18.9,0,9.02,0,27.91,OK
00:18.9,0,9.02,0,27.91,OK
00:18.9,0,9.02,0,27.91,OK
00:18.9,0,9.02,0,27.91,OK
00:18.9,0,9.02,0,27.91,OK
00:18.9,0,9.02,0,27.91,OK
00:18.9,0,9.02,0,27.91,OK
00:18.9,0,9.02,0,27.91,OK
00:18.9,0,9.02,0,27.91,OK
00:18.9,0,9.02,0,27.91,OK
00:19.0,0,9.02,0,27.91,OK
00:19.0,0,9.02,0,27.91,OK
00:19.0,0,9.02,0,27.91,OK
00:19.0,0,9.02,0,27.91,OK
00:19.0,0,9.02,0,27.91,OK
00:19.0,0,9.02,0,27.91,OK
00:19.0,0,9.02,0,27.91,OK
00:19.0,0,9.02,0,27.91,OK
00:19.0,0,9.02,0,27.91,OK
00:19.1,0,9.02,0,27.91,OK
00:19.1,0,9.02,0,27.91,OK
00:19.1,0,9.02,0,27.91,OK
00:19.1,0,9.02,0,27.91,OK
00:19.1,0,9.02,0,27.91,OK
00:19.1,0,9.02,0,27.91,OK
00:19.1,0,9.02,0,27.91,OK
00:19.1,0,9.02,0,27.91,OK
00:19.1,0,9.02,0,27.91,OK
00:19.1,0,9.02,0,27.91,OK
00:19.2,0,9.02,0,27.91,OK
00:19.2,0,9.02,0,27.91,OK
00:19.2,0,9.02,0,27.91,OK
00:19.2,0,9.02,0,27.91,OK
00:19.2,0,9.02,0,27.91,OK
00:19.2,0,9.02,0,27.91,OK
00:19.2,0,9.02,0,27.91,OK
00:19.2,0,9.02,0,27.91,OK
00:19.2,0,9.02,0,27.91,OK
00:19.2,0,9.02,0,27.91,OK
00:19.2,0,9.02,0,27.91,OK
00:19.3,0,9.02,0,27.91,OK
00:19.3,0,9.02,0,27.91,OK
00:19.3,0,9.02,0,27.91,OK
00:19.3,0,9.02,0,27.91,OK
00:19.3,0,9.02,0,27.91,OK
00:19.3,0,9.02,0,27.91,OK
00:19.3,0,9.02,0,27.91,OK
00:19.3,0,9.02,0,27.91,OK
00:19.3,0,9.02,0,27.91,OK
00:19.4,0,9.02,0,27.91,OK
00:19.4,0,9.02,0,27.91,OK
00:19.4,0,9.02,0,27.91,OK
00:19.4,0,9.02,0,27.91,OK
00:19.4,0,9.02,0,27.91,OK
00:19.4,0,9.02,0,27.91,OK
00:19.4,0,9.02,0,27.91,OK
00:19.4,0,9.02,0,27.91,OK
00:19.4,0,9.02,0,27.91,OK
00:19.4,0,9.02,0,27.91,OK
00:19.5,0,9.02,0,27.91,OK
00:19.5,0,9.02,0,27.91,OK
00:19.5,0,9.02,0,27.91,OK
00:19.5,0,9.02,0,27.91,OK
00:19.5,0,9.02,0,27.91,OK
00:19.5,0,9.02,0,27.91,OK
00:19.5,0,9.02,0,27.91,OK
00:19.5,0,9.02,0,27.91,OK
00:19.5,0,9.02,0,27.91,OK
00:19.5,0,9.02,0,27.91,OK
00:19.5,0,9.02,0,27.91,OK
00:19.6,0,9.02,0,27.91,OK
00:19.6,0,9.02,0,27.91,OK
00:19.6,0,9.02,0,27.91,OK
00:19.6,0,9.02,0,27.91,OK
00:19.6,0,9.02,0,27.91,OK
00:19.6,0,9.02,0,27.91,OK
00:19.6,0,9.02,0,27.91,OK
00:19.6,0,9.02,0,27.91,OK
00:19.6,0,9.02,0,27.91,OK
00:19.6,0,9.02,0,27.91,OK
00:19.7,0,9.02,0,27.91,OK
00:19.7,0,9.02,29.45,27.91,OK
00:19.7,0,9.02,70.65,27.91,OK
00:19.7,0,9.02,116.25,27.91,OK
00:19.7,0,9.02,162.1,27.91,OK
00:19.7,0,9.02,204.25,27.91,OK
00:19.7,0,9.02,253.2,27.91,OK
00:19.7,0,9.02,285.65,27.91,OK
00:19.7,0,9.02,312.75,40.15,OK
00:19.7,0,9.02,343.2,40.15,OK
00:19.8,0,9.02,367.2,40.15,OK
00:19.8,0,9.02,383.05,40.15,OK
00:19.8,0,9.02,375.85,40.15,OK
00:19.8,0,9.02,374.25,40.15,OK
00:19.8,0,9.02,350.35,40.15,OK
00:19.8,0,9.02,339.45,40.15,OK
00:19.8,50.35,9.02,319.95,40.15,OK
00:19.8,90.45,9.02,309.35,40.15,OK
00:19.8,144.45,9.02,292.9,40.15,OK
00:19.8,202,9.02,292.7,40.15,OK
00:19.9,273.2,9.02,275.55,40.15,OK
00:19.9,373.3,9.02,275.15,40.15,OK
00:19.9,477.75,9.02,263.8,40.15,OK
00:19.9,598.35,19.28,268.1,40.15,OK
00:19.9,724.4,19.28,265.6,40.15,OK
00:19.9,827.65,19.28,272.8,40.15,OK
00:19.9,944,19.28,263.15,40.15,OK
00:19.9,1045.75,19.28,273.95,40.15,OK
00:19.9,1148.4,19.28,278.4,40.15,OK
00:19.9,1239.1,19.28,297.1,40.15,OK
00:20.0,1298.05,19.28,318.7,40.15,OK
00:20.0,1337.85,19.28,346.55,40.15,OK
00:20.0,1322.05,19.28,373.5,40.15,OK
00:20.0,1285.5,19.28,394.15,40.15,OK
00:20.0,1252.8,19.28,417.15,40.15,OK
00:20.0,1229.25,19.28,423,40.15,OK
00:20.0,1222.5,19.28,416.85,40.15,OK
00:20.0,1234,19.28,422.55,40.15,OK
00:20.0,1260.6,19.28,418.3,40.15,OK
00:20.0,1288.35,19.28,428.25,40.15,OK
00:20.1,1330.2,19.28,448.95,40.15,OK
00:20.1,1354.65,19.28,462.55,40.15,OK
00:20.1,1376.3,19.28,454.5,40.15,OK
00:20.1,1425.85,19.28,454.15,40.15,OK
00:20.1,1442.65,19.28,475.9,40.15,OK
00:20.1,1420,19.28,479.1,40.15,OK
00:20.1,1362.95,19.28,485.55,40.15,OK
00:20.1,1229.45,19.28,470.35,40.15,OK
00:20.1,1104.05,19.28,459.9,40.15,OK
00:20.2,987.6,19.28,435.65,40.15,OK
00:20.2,878.9,19.28,399.45,40.15,OK
00:20.2,777.35,19.28,363.75,40.15,OK
00:20.2,680.4,19.28,325.85,40.15,OK
00:20.2,587.2,19.28,282.9,40.15,OK
00:20.2,498.15,19.28,246.95,40.15,OK
00:20.2,413.95,19.28,217.95,40.15,OK
00:20.2,335.6,19.28,165.65,40.15,OK
00:20.2,264.25,19.28,148.05,40.15,OK
00:20.2,200.9,19.28,152.6,40.15,OK
00:20.2,145.85,19.28,179.9,40.15,OK
00:20.3,100.05,19.28,172.45,40.15,OK
00:20.3,62.75,19.28,190.7,40.15,OK
00:20.3,33.9,19.28,209.55,40.15,OK
00:20.3,15,19.28,230.3,40.15,OK
00:20.3,-0.35,19.28,244.55,40.15,OK
00:20.3,-0.65,19.28,260.35,40.15,OK
00:20.3,-27.25,19.28,260.8,40.15,OK
00:20.3,-17.25,19.28,275.1,40.15,OK
00:20.3,-31.45,19.28,288.55,40.15,OK
00:20.3,-23.95,19.28,295.7,40.15,OK
00:20.4,-9.15,19.28,308.5,40.15,OK
00:20.4,6.85,19.28,323.65,40.15,OK
00:20.4,6.85,19.28,345.45,40.15,OK
00:20.4,6.85,19.28,370.2,40.15,OK
00:20.4,6.85,19.28,382.6,40.15,OK
00:20.4,6.85,19.28,400.5,40.15,OK
00:20.4,6.85,19.28,386.1,40.15,OK
00:20.4,6.85,19.28,395.75,40.15,OK
00:20.4,6.85,19.28,385.55,40.15,OK
00:20.4,6.85,19.28,376.65,40.15,OK
00:20.5,6.85,19.28,354.85,40.15,OK
00:20.5,6.85,19.28,323,40.15,OK
00:20.5,6.85,19.28,284.6,40.15,OK
00:20.5,6.85,19.28,238.3,40.15,OK
00:20.5,6.6,19.28,171.9,40.15,OK
00:20.5,6.55,19.28,110.4,40.15,OK
00:20.5,5.1,19.28,48.15,40.15,OK
00:20.5,4.1,19.28,-17.75,40.15,OK
00:20.5,2.3,19.28,-64.15,40.15,OK
00:20.5,0.8,19.28,-108.3,40.15,OK
00:20.6,0,19.28,-147.9,40.15,OK
00:20.6,0,19.28,-179,40.15,OK
00:20.6,0,19.28,-198.55,40.15,OK
00:20.6,0,19.28,-208.55,40.15,OK
00:20.6,0,19.28,-224.05,40.15,OK
00:20.6,0,19.28,-217.6,40.15,OK
00:20.6,0,19.28,-206.85,40.15,OK
00:20.6,0,19.28,-174.5,40.15,OK
00:20.6,0,19.28,-132.05,40.15,OK
00:20.6,0,19.28,-39.15,40.15,OK
00:20.7,0,19.28,43.9,40.15,OK
00:20.7,0,19.28,151.05,40.15,OK
00:20.7,0,19.28,264.25,40.15,OK
00:20.7,0,19.28,364.3,40.15,OK
00:20.7,0,19.28,462.7,52.65,OK
00:20.7,0,19.28,556.35,52.65,OK
00:20.7,0,19.28,634.45,52.65,OK
00:20.7,-61.75,19.28,689.4,52.65,OK
00:20.7,-110.75,19.28,730.4,52.65,OK
00:20.8,-120.9,19.28,782.5,52.65,OK
00:20.8,-115.95,19.28,781.2,52.65,OK
00:20.8,-113.75,19.28,777.65,52.65,OK
00:20.8,-69.5,19.28,727.5,52.65,OK
00:20.8,-10.1,19.28,663.7,52.65,OK
00:20.8,37.9,19.28,576.95,52.65,OK
00:20.8,37.9,19.28,476,52.65,OK
00:20.8,37.9,19.28,355.15,52.65,OK
00:20.8,37.9,19.28,236.5,52.65,OK
00:20.8,37.9,19.28,120.65,52.65,OK
00:20.8,37.9,19.28,2.75,52.65,OK
00:20.9,37.9,31.65,-101.85,52.65,OK
00:20.9,37.9,31.65,-210.05,52.65,OK
00:20.9,37.9,31.65,-292.1,52.65,OK
00:20.9,37.9,31.65,-359.65,52.65,OK
00:20.9,37.9,31.65,-406.05,52.65,OK
00:20.9,37.9,31.65,-445.1,52.65,OK
00:20.9,37.9,31.65,-482.85,52.65,OK
00:20.9,34.65,31.65,-473.2,52.65,OK
00:20.9,28.65,31.65,-470.9,52.65,OK
00:20.9,21.8,31.65,-446.85,52.65,OK
00:21.0,14.85,31.65,-423.3,52.65,OK
00:21.0,7.65,31.65,-388.55,52.65,OK
00:21.0,2.4,31.65,-362.35,52.65,OK
00:21.0,0,31.65,-314.45,52.65,OK
00:21.0,0,31.65,-268,52.65,OK
00:21.0,0,31.65,-227.6,52.65,OK
00:21.0,0,31.65,-194.2,52.65,OK
00:21.0,0,31.65,-164.85,52.65,OK
00:21.0,0,31.65,-119.65,87.95,OK
00:21.0,0,31.65,-102.85,87.95,OK
00:21.1,0,31.65,-74.9,87.95,OK
00:21.1,0,31.65,-60.95,87.95,OK
00:21.1,0,31.65,-24.5,87.95,OK
00:21.1,0,31.65,2.05,87.95,OK
00:21.1,0,31.65,39.6,87.95,OK
00:21.1,0,31.65,78.8,87.95,OK
00:21.1,0,31.65,135.15,87.95,OK
00:21.1,0,31.65,176.35,87.95,OK
00:21.1,0,31.65,203.3,87.95,OK
00:21.2,0,31.65,222.1,87.95,OK
00:21.2,0,31.65,197.7,87.95,OK
00:21.2,0,31.65,173.5,87.95,OK
00:21.2,0,31.65,135.7,87.95,OK
00:21.2,0,31.65,84.2,87.95,OK
00:21.2,0,31.65,42.6,87.95,OK
00:21.2,0,31.65,3.65,87.95,OK
00:21.2,0,31.65,-32.9,87.95,OK
00:21.2,0,31.65,-68.1,87.95,OK
00:21.2,0,31.65,-86.7,87.95,OK
00:21.2,0,31.65,-119.2,87.95,OK
00:21.3,0,31.65,-146.05,87.95,OK
00:21.3,0,31.65,-163.2,87.95,OK
00:21.3,0,31.65,-190.65,87.95,OK
00:21.3,0,31.65,-214.75,87.95,OK
00:21.3,0,31.65,-224.35,87.95,OK
00:21.3,0,31.65,-231.15,87.95,OK
00:21.3,0,31.65,-219.75,87.95,OK
00:21.3,0,31.65,-193.4,87.95,OK
00:21.3,0,31.65,-152.35,87.95,OK
00:21.3,0,31.65,-99.5,87.95,OK
00:21.4,0,31.65,-45.2,87.95,OK
00:21.4,0,31.65,-1.05,87.95,OK
00:21.4,0,31.65,30.75,87.95,OK
00:21.4,0,31.65,80.3,87.95,OK
00:21.4,0,31.65,114.6,87.95,OK
00:21.4,0,31.65,147.6,120.38,OK
00:21.4,0,31.65,141.25,120.38,OK
00:21.4,0,31.65,175.35,120.38,OK
00:21.4,0,31.65,221.85,120.38,OK
00:21.5,0,31.65,264.95,120.38,OK
00:21.5,0,31.65,298.15,120.38,OK
00:21.5,0,31.65,341.2,120.38,OK
00:21.5,0,31.65,393.7,120.38,OK
00:21.5,0,31.65,439.75,120.38,OK
00:21.5,0,31.65,467.65,120.38,OK
00:21.5,0,31.65,476.2,120.38,OK
00:21.5,0,31.65,484.05,120.38,OK
00:21.5,0,31.65,470.85,120.38,OK
00:21.5,0,31.65,429.75,120.38,OK
00:21.5,0,31.65,389.4,120.38,OK
00:21.6,0,31.65,328.2,120.38,OK
00:21.6,0,31.65,251.7,120.38,OK
00:21.6,0,31.65,178.4,120.38,OK
00:21.6,0,31.65,101.8,120.38,OK
00:21.6,0,31.65,32.15,120.38,OK
00:21.6,0,31.65,-48.65,120.38,OK
00:21.6,0,31.65,-111.3,120.38,OK
00:21.6,0,31.65,-191.45,120.38,OK
00:21.6,0,31.65,-266.25,120.38,OK
00:21.7,0,31.65,-332.75,120.38,OK
00:21.7,0,31.65,-392.3,120.38,OK
00:21.7,0,31.65,-443.3,120.38,OK
00:21.7,0,31.65,-486.05,120.38,OK
00:21.7,0,31.65,-504.5,120.38,OK
00:21.7,0,31.65,-528.75,120.38,OK
00:21.7,0,31.65,-547.6,120.38,OK
00:21.7,0,31.65,-574.25,120.38,OK
00:21.7,0,31.65,-593.8,120.38,OK
00:21.7,-46.55,31.65,-629.65,120.38,OK
00:21.8,-149.55,31.65,-645.65,120.38,OK
00:21.8,-236.55,31.65,-683.7,120.38,OK
00:21.8,-301.45,31.65,-705.45,120.38,OK
00:21.8,-372.7,31.65,-731.55,120.38,OK
00:21.8,-428.85,31.65,-755.4,120.38,OK
00:21.8,-458.1,31.65,-774,120.38,OK
00:21.8,-479.7,31.65,-790.2,120.38,OK
00:21.8,-504.35,31.65,-808.95,120.38,OK
00:21.8,-512.75,31.65,-798.85,120.38,OK
00:21.8,-510.35,31.65,-794.65,120.38,OK
00:21.9,-506.15,31.65,-769.35,120.38,OK
00:21.9,-486.85,31.65,-743.95,120.38,OK
00:21.9,-451.25,31.65,-693.7,120.38,OK
00:21.9,-411.55,31.65,-637.95,120.38,OK
00:21.9,-342.3,31.65,-574.3,120.38,OK
00:21.9,-284,31.65,-504.8,120.38,OK
00:21.9,-199.1,31.65,-422.3,120.38,OK
00:21.9,-128.95,31.65,-353.05,120.38,OK
00:21.9,-72.9,31.65,-279.4,115.55,OK
00:21.9,-18.5,42.76,-216.15,115.55,OK
00:21.9,8.25,42.76,-141.35,115.55,OK
00:22.0,36.55,42.76,-79,115.55,OK
00:22.0,68.85,42.76,-29.05,115.55,OK
00:22.0,73.75,42.76,32.25,115.55,OK
00:22.0,100.45,42.76,66.95,115.55,OK
00:22.0,116.5,42.76,109.5,115.55,OK
00:22.0,137.7,42.76,133.6,115.55,OK
00:22.0,144.3,42.76,161.5,115.55,OK
00:22.0,166.05,42.76,190.35,115.55,OK
00:22.0,202.45,42.76,210.05,115.55,OK
00:22.0,224.05,42.76,230.45,115.55,OK
00:22.1,239.7,42.76,237.1,115.55,OK
00:22.1,245.6,42.76,250.85,115.55,OK
00:22.1,249,42.76,249.75,115.55,OK
00:22.1,235.35,42.76,244.45,115.55,OK
00:22.1,225,42.76,227.95,115.55,OK
00:22.1,195.5,42.76,212.1,115.55,OK
00:22.1,170.1,42.76,189.8,115.55,OK
00:22.1,157.55,42.76,165.65,115.55,OK
00:22.1,139.3,42.76,134.8,115.55,OK
00:22.2,119.35,42.76,124.15,115.55,OK
00:22.2,93.4,42.76,100.15,115.55,OK
00:22.2,72.7,42.76,79.35,115.55,OK
00:22.2,74.9,42.76,73,115.55,OK
00:22.2,54.55,42.76,73.7,115.55,OK
00:22.2,41,42.76,60.9,115.55,OK
00:22.2,32.5,42.76,50.85,115.55,OK
00:22.2,-79.05,42.76,54.4,115.55,OK
00:22.2,-225.5,42.76,52.2,115.55,OK
00:22.2,-379,42.76,48.2,115.55,OK
00:22.2,-479.35,42.76,40.9,115.55,OK
00:22.3,-558.4,42.76,35.75,115.55,OK
00:22.3,-622,42.76,27.5,115.55,OK
00:22.3,-614.6,42.76,14.8,115.55,OK
00:22.3,-584.2,42.76,6.35,115.55,OK
00:22.3,-573.55,42.76,-8.05,115.55,OK
00:22.3,-572.2,42.76,-25.2,115.55,OK
00:22.3,-574.75,42.76,-29.1,115.55,OK
00:22.3,-583.15,42.76,-41.45,115.55,OK
00:22.3,-599.2,42.76,-50.8,115.55,OK
00:22.3,-605.35,42.76,-50.65,115.55,OK
00:22.4,-604.2,42.76,-61.2,115.55,OK
00:22.4,-592,42.76,-52.35,115.55,OK
00:22.4,-554.7,42.76,-41.55,115.55,OK
00:22.4,-523.15,42.76,-39.95,115.55,OK
00:22.4,-475.8,42.76,-23.1,115.55,OK
00:22.4,-418.9,42.76,-11.65,115.55,OK
00:22.4,-382.1,42.76,4.8,115.55,OK
00:22.4,-339.25,42.76,21.85,115.55,OK
00:22.4,-314.7,42.76,39.3,115.55,OK
00:22.4,-279.05,66.29,65.4,115.55,OK
00:22.5,-258.1,66.29,73.1,115.55,OK
00:22.5,-238.55,66.29,89.65,115.55,OK
00:22.5,-221.9,66.29,98.1,115.55,OK
00:22.5,-193.65,66.29,99.9,115.55,OK
00:22.5,-177.35,66.29,105.45,115.55,OK
00:22.5,-162.55,66.29,99.1,115.55,OK
00:22.5,-152.4,66.29,89.65,115.55,OK
00:22.5,-146.25,66.29,76.8,115.55,OK
00:22.5,-131.25,66.29,77,115.55,OK
00:22.5,-133.3,66.29,67.2,115.55,OK
00:22.6,-129.55,66.29,54,115.55,OK
00:22.6,-130.4,66.29,43.3,115.55,OK
00:22.6,-125.05,66.29,60.75,115.55,OK
00:22.6,-128.45,66.29,55.95,115.55,OK
00:22.6,-124.25,66.29,76.4,115.55,OK
00:22.6,-109.55,66.29,86.35,115.55,OK
00:22.6,-103.75,66.29,99.85,115.55,OK
00:22.6,-77.3,66.29,123.4,115.55,OK
00:22.6,-56.55,66.29,147.95,115.55,OK
00:22.7,-30.95,66.29,192.9,115.55,OK
00:22.7,3.45,66.29,196.4,115.55,OK
00:22.7,42.45,66.29,209.45,115.55,OK
00:22.7,84.65,66.29,223.6,115.55,OK
00:22.7,108.5,66.29,222.3,115.55,OK
00:22.7,152.3,66.29,216.05,118.89,OK
00:22.7,172.15,66.29,215,118.89,OK
00:22.7,186.1,66.29,194,118.89,OK
00:22.7,190.45,66.29,180.5,118.89,OK
00:22.7,201.4,66.29,154.85,118.89,OK
00:22.8,202.6,66.29,144.75,118.89,OK
00:22.8,197.7,66.29,126.45,118.89,OK
00:22.8,185.85,66.29,113.75,118.89,OK
00:22.8,157.25,66.29,106.85,118.89,OK
00:22.8,134.2,66.29,102.5,118.89,OK
00:22.8,117.75,66.29,90.45,118.89,OK
00:22.8,91,66.29,87.75,118.89,OK
00:22.8,82.6,66.29,70.4,118.89,OK
00:22.8,76.55,66.29,58.75,118.89,OK
00:22.8,70.65,66.29,25.15,118.89,OK
00:22.8,53.8,66.29,9,118.89,OK
00:22.9,49,66.29,-20,118.89,OK
00:22.9,46.55,66.29,-51.1,118.89,OK
00:22.9,42.9,66.29,-78.25,118.89,OK
00:22.9,37.35,66.29,-95.6,118.89,OK
00:22.9,45.45,66.29,-111.4,118.89,OK
00:22.9,75.95,66.29,-121.55,118.89,OK
00:22.9,97.1,66.29,-137.7,118.89,OK
00:22.9,127,66.29,-128.7,118.89,OK
00:22.9,154.15,66.29,-138.25,118.89,OK
00:23.0,189.65,66.29,-119.95,118.89,OK
00:23.0,215.65,66.29,-118.35,118.89,OK
00:23.0,236.05,66.29,-110.45,118.89,OK
00:23.0,253.05,66.29,-115.3,118.89,OK
00:23.0,256.55,79.49,-95,118.89,OK
00:23.0,253.2,79.49,-83.55,118.89,OK
00:23.0,251.3,79.49,-84.8,118.89,OK
00:23.0,231.7,79.49,-73.2,118.89,OK
00:23.0,210.6,79.49,-76.75,118.89,OK
00:23.0,191.9,79.49,-82.6,118.89,OK
00:23.0,184.4,79.49,-85.2,118.89,OK
00:23.1,153.85,79.49,-87.35,118.89,OK
00:23.1,121.45,79.49,-95.05,118.89,OK
00:23.1,82.45,79.49,-98.5,118.89,OK
00:23.1,32.35,79.49,-97.55,118.89,OK
00:23.1,-34.25,79.49,-108.6,118.89,OK
00:23.1,-133.25,79.49,-108.05,118.89,OK
00:23.1,-278.35,79.49,-133.9,118.89,OK
00:23.1,-417.85,79.49,-120.85,118.89,OK
00:23.1,-534.55,79.49,-124.05,118.89,OK
00:23.2,-621.05,79.49,-139.4,118.89,OK
00:23.2,-688.35,79.49,-118.6,118.89,OK
00:23.2,-728.7,79.49,-105.95,118.89,OK
00:23.2,-747,79.49,-98.9,118.89,OK
00:23.2,-724.75,79.49,-72.2,118.89,OK
00:23.2,-686,79.49,-69.1,118.89,OK
00:23.2,-653.2,79.49,-58.7,118.89,OK
00:23.2,-595.5,79.49,-55.95,118.89,OK
00:23.2,-552.25,79.49,-55.55,118.89,OK
00:23.2,-492.2,79.49,-53.7,118.89,OK
00:23.2,-425.1,79.49,-57,118.89,OK
00:23.3,-356.3,79.49,-45.2,118.89,OK
00:23.3,-286.1,79.49,-45,118.89,OK
00:23.3,-213.15,79.49,-39.45,118.89,OK
00:23.3,-144.05,79.49,-20.05,118.89,OK
00:23.3,-48.4,79.49,-24.25,118.89,OK
00:23.3,13.25,79.49,1.95,118.89,OK
00:23.3,29.1,79.49,23.3,118.89,OK
00:23.3,1.85,104.53,44.7,118.89,OK
00:23.3,-60.2,104.53,66.25,118.89,OK
00:23.4,-130.6,104.53,69.1,118.89,OK
00:23.4,-178,104.53,80.65,118.89,OK
00:23.4,-223.5,104.53,65.85,118.89,OK
00:23.4,-247.4,104.53,70.45,118.89,OK
00:23.4,-241.35,104.53,79.25,118.89,OK
00:23.4,-211.85,104.53,87.05,118.89,OK
00:23.4,-180.5,104.53,95.2,118.89,OK
00:23.4,-137.7,104.53,100.4,118.89,OK
00:23.4,-108.6,104.53,90.3,118.89,OK
00:23.4,-73.7,104.53,78.1,118.89,OK
00:23.4,-52,104.53,71.25,118.89,OK
00:23.5,-25.6,104.53,49.35,118.89,OK
00:23.5,-15.5,104.53,27.85,118.89,OK
00:23.5,0.3,104.53,3.25,118.89,OK
00:23.5,26.25,104.53,-11.15,118.89,OK
00:23.5,66.3,104.53,-17.9,118.89,OK
00:23.5,77.55,104.53,-24.35,118.89,OK
00:23.5,64.3,104.53,-37.2,118.89,OK
00:23.5,50.6,104.53,-49.35,118.89,OK
00:23.5,31,104.53,-43.55,118.89,OK
00:23.5,9.1,104.53,-55.7,118.89,OK
00:23.6,-15.8,104.53,-64.45,118.89,OK
00:23.6,-36.85,104.53,-89.3,118.89,OK
00:23.6,-69.35,104.53,-106.55,118.89,OK
00:23.6,-88.4,104.53,-130.55,118.89,OK
00:23.6,-93.4,104.53,-136.15,118.89,OK
00:23.6,-98.1,104.53,-135.55,118.89,OK
00:23.6,-84.7,104.53,-132.9,118.89,OK
00:23.6,-83.15,104.53,-139.45,118.89,OK
00:23.6,-63,104.53,-121.55,118.89,OK
00:23.6,-60.95,104.53,-111.5,118.89,OK
00:23.7,-47.3,104.53,-100.2,118.89,OK
00:23.7,-45.3,104.53,-103.9,118.89,OK
00:23.7,-36.05,104.53,-95.45,118.89,OK
00:23.7,-28.9,104.53,-84.55,118.89,OK
00:23.7,-14.5,104.53,-73.8,118.89,OK
00:23.7,-2.25,104.53,-59.45,118.89,OK
00:23.7,13.35,104.53,-54.45,118.89,OK
00:23.7,33.05,104.53,-48.9,118.89,OK
00:23.7,38.35,104.53,-27.75,118.89,OK
00:23.8,50.85,104.53,-26,118.89,OK
00:23.8,35.85,104.53,-18.85,118.89,OK
00:23.8,14.95,104.53,-16.95,118.89,OK
00:23.8,1.2,104.53,-13.15,118.89,OK
00:23.8,-28.9,104.53,-10.9,118.89,OK
00:23.8,-43.45,104.53,-35,118.89,OK
00:23.8,-50.85,104.53,-24.95,118.89,OK
00:23.8,-64.85,104.53,-31.85,118.89,OK
00:23.8,-74.3,104.53,-35.4,118.89,OK
00:23.8,-69.95,104.53,-41.2,118.89,OK
00:23.9,-65.75,104.53,-58.05,118.89,OK
00:23.9,-61.15,104.53,5,118.89,OK
00:23.9,-62.45,104.53,-13.7,118.89,OK
00:23.9,-60.45,104.53,-6.8,118.89,OK
00:23.9,-81.1,104.53,14.1,118.89,OK
00:23.9,-56.4,104.53,34.95,118.89,OK
00:23.9,-70.45,104.53,36.9,118.89,OK
00:23.9,-41.2,104.53,19.5,118.89,OK
00:23.9,-21.85,104.53,-1.95,118.89,OK
00:23.9,-7.8,104.53,-31.15,118.89,OK
00:23.9,30.15,104.53,-60,118.89,OK
00:24.0,45.7,104.53,-73.9,118.89,OK
00:24.0,73.8,104.53,-95.6,118.89,OK
00:24.0,92.25,104.53,-101.7,118.89,OK
00:24.0,105.35,104.53,-115.75,118.89,OK
00:24.0,117.8,104.53,-129.15,118.89,OK
00:24.0,117.55,109.8,-136.4,118.89,OK
00:24.0,104.8,109.8,-152.85,118.89,OK
00:24.0,80.35,109.8,-157.85,118.89,OK
00:24.0,67.3,109.8,-170.15,118.89,OK
00:24.0,64.15,109.8,-190.9,118.89,OK
00:24.1,54.25,109.8,-182.25,118.89,OK
00:24.1,49.05,109.8,-180,118.89,OK
00:24.1,62.7,109.8,-160.7,118.89,OK
00:24.1,73.05,109.8,-123.5,118.89,OK
00:24.1,96.7,109.8,-82.55,118.89,OK
00:24.1,130.95,109.8,-38.05,118.89,OK
00:24.1,162.1,109.8,4,118.89,OK
00:24.1,192.6,109.8,50,118.89,OK
00:24.1,220.25,109.8,79.15,118.89,OK
00:24.1,226.4,109.8,112.05,118.89,OK
00:24.2,236.75,109.8,122.45,114.61,OK
00:24.2,231.85,109.8,121.4,114.61,OK
00:24.2,210.2,109.8,137.7,114.61,OK
00:24.2,184.9,109.8,127.2,114.61,OK
00:24.2,167.65,109.8,114.05,114.61,OK
00:24.2,150.85,109.8,82.45,114.61,OK
00:24.2,118.7,109.8,57.55,114.61,OK
00:24.2,102.75,109.8,23.4,114.61,OK
00:24.2,85.6,109.8,2.9,114.61,OK
00:24.2,75.4,109.8,-25.05,114.61,OK
00:24.3,76.2,109.8,-38.85,114.61,OK
00:24.3,62,109.8,-50.9,114.61,OK
00:24.3,55.45,109.8,-65.2,114.61,OK
00:24.3,55.2,109.8,-66.45,114.61,OK
00:24.3,60.7,109.8,-71.2,114.61,OK
00:24.3,69.55,109.8,-61.85,114.61,OK
00:24.3,84.4,109.8,-58.05,114.61,OK
00:24.3,93.65,109.8,-71.45,114.61,OK
00:24.3,124.2,109.8,-83.7,114.61,OK
00:24.3,136.85,109.8,-84.9,114.61,OK
00:24.4,171.7,109.8,-79.4,114.61,OK
00:24.4,202.1,109.8,-74.65,114.61,OK
00:24.4,233,109.8,-87.7,114.61,OK
00:24.4,249.75,109.8,-81.8,114.61,OK
00:24.4,244.75,109.8,-92.2,114.61,OK
00:24.4,168.7,128.69,-90.5,114.61,OK
00:24.4,41.6,128.69,-98.85,114.61,OK
00:24.4,-131.95,128.69,-88.75,114.61,OK
00:24.4,-286.55,128.69,-92.8,114.61,OK
00:24.5,-439.5,128.69,-104,114.61,OK
00:24.5,-549.95,128.69,-108,114.61,OK
00:24.5,-634.65,128.69,-112.65,114.61,OK
00:24.5,-677.15,128.69,-122.8,114.61,OK
00:24.5,-687.6,128.69,-144.2,114.61,OK
00:24.5,-683.35,128.69,-143.2,114.61,OK
00:24.5,-667.75,128.69,-145.9,114.61,OK
00:24.5,-633.4,128.69,-161.9,114.61,OK
00:24.5,-610.95,128.69,-167.7,114.61,OK
00:24.5,-567.3,128.69,-173.35,114.61,OK
00:24.5,-500.5,128.69,-184.1,114.61,OK
00:24.6,-430.5,128.69,-184.15,114.61,OK
00:24.6,-342.35,128.69,-194,114.61,OK
00:24.6,-271,128.69,-206.5,114.61,OK
00:24.6,-181,128.69,-208.2,114.61,OK
00:24.6,-90.5,128.69,-201.4,114.61,OK
00:24.6,-1.4,128.69,-195.4,114.61,OK
00:24.6,51.95,128.69,-185.9,114.61,OK
00:24.6,109.1,128.69,-193,114.61,OK
00:24.6,166.1,128.69,-171.85,114.61,OK
00:24.7,205,128.69,-172.7,114.61,OK
00:24.7,233.65,128.69,-177,114.61,OK
00:24.7,236.05,128.69,-193.15,114.61,OK
00:24.7,248.35,128.69,-197.05,114.61,OK
00:24.7,274.1,128.69,-196.6,114.61,OK
00:24.7,256,128.69,-192.85,114.61,OK
00:24.7,287.8,128.69,-194.75,114.61,OK
00:24.7,235.6,128.69,-187.55,114.61,OK
00:24.7,211.25,128.69,-182.65,114.61,OK
00:24.7,162,128.69,-154.3,114.61,OK
00:24.7,143.5,128.69,-138.25,114.61,OK
00:24.8,96.4,128.69,-122.05,114.61,OK
00:24.8,55.45,128.69,-116.75,114.61,OK
00:24.8,21.5,128.69,-92.55,114.61,OK
00:24.8,-6.65,128.69,-106.05,114.61,OK
00:24.8,-17.65,128.69,-115.95,114.61,OK
00:24.8,-11.1,128.69,-108.2,114.61,OK
00:24.8,0.3,128.69,-105.35,114.61,OK
00:24.8,9.4,128.69,-104.25,114.61,OK
00:24.8,20.65,128.69,-93.9,114.61,OK
00:24.9,51.65,128.69,-101.5,114.61,OK
00:24.9,70.9,128.69,-105.45,114.61,OK
00:24.9,101.75,128.69,-109.45,114.61,OK
00:24.9,120.55,128.69,-100.6,114.61,OK
00:24.9,144.95,128.69,-99.3,114.61,OK
00:24.9,172.6,128.69,-98.4,114.61,OK
00:24.9,185.05,128.69,-86.8,114.61,OK
00:24.9,192.2,128.69,-83.6,114.61,OK
00:24.9,186.15,128.24,-87.55,114.61,OK
00:24.9,190.95,128.24,-89.45,114.61,OK
00:24.9,186.55,128.24,-69.95,114.61,OK
00:25.0,158.55,128.24,-51.95,114.61,OK
00:25.0,132,128.24,-48.25,114.61,OK
00:25.0,127.95,128.24,-28.6,114.61,OK
00:25.0,114,128.24,-9.95,114.61,OK
00:25.0,99.9,128.24,-0.75,114.61,OK
00:25.0,98.8,128.24,9.8,114.61,OK
00:25.0,86.55,128.24,42.25,114.61,OK
00:25.0,80.7,128.24,51.65,114.61,OK
00:25.0,75.3,128.24,48.1,114.61,OK
00:25.1,62.8,128.24,55.1,114.61,OK
00:25.1,51.6,128.24,61.8,114.61,OK
00:25.1,23.35,128.24,52.05,114.61,OK
00:25.1,-8.25,128.24,26.4,114.61,OK
00:25.1,-42.65,128.24,28.1,114.61,OK
00:25.1,-66,128.24,20.6,114.61,OK
00:25.1,-78.6,128.24,13.5,114.61,OK
00:25.1,-103.85,128.24,21.6,114.61,OK
00:25.1,-110.3,128.24,25.7,114.61,OK
00:25.1,-124.8,128.24,38.35,114.61,OK
00:25.2,-129.25,128.24,68.7,114.61,OK
00:25.2,-135.7,128.24,83.45,114.61,OK
00:25.2,-138.25,128.24,113.05,114.61,OK
00:25.2,-137.8,128.24,141.3,114.61,OK
00:25.2,-130.15,128.24,176.8,114.61,OK
00:25.2,-128.95,128.24,191.15,114.61,OK
00:25.2,-140.8,128.24,200.65,114.61,OK
00:25.2,-145.6,128.24,223.8,114.61,OK
00:25.2,-157.6,128.24,228.4,90.53,OK
00:25.2,-172.55,128.24,231.8,90.53,OK
00:25.2,-184.95,128.24,236.5,90.53,OK
00:25.3,-194.85,128.24,225.35,90.53,OK
00:25.3,-184.3,128.24,241.1,90.53,OK
00:25.3,-186.95,128.24,213.05,90.53,OK
00:25.3,-185.35,128.24,211.25,90.53,OK
00:25.3,-170.8,128.24,195.9,90.53,OK
00:25.3,-166.35,128.24,189.5,90.53,OK
00:25.3,-139.95,128.24,169.55,90.53,OK
00:25.3,-125.15,128.24,148,90.53,OK
00:25.3,-104.8,128.24,130.2,90.53,OK
00:25.3,-83.55,128.24,117.9,90.53,OK
00:25.4,-52.1,128.24,111.1,90.53,OK
00:25.4,-35.55,128.24,80.95,90.53,OK
00:25.4,-16,128.24,83.85,90.53,OK
00:25.4,-0.9,128.24,79.7,90.53,OK
00:25.4,33.35,128.24,71.75,90.53,OK
00:25.4,48.85,131.02,77.15,90.53,OK
00:25.4,76.2,131.02,69.35,90.53,OK
00:25.4,105.7,131.02,56.75,90.53,OK
00:25.4,134.95,131.02,61.5,90.53,OK
00:25.5,175.25,131.02,48.65,90.53,OK
00:25.5,218.3,131.02,17.4,90.53,OK
00:25.5,262.9,131.02,0.6,90.53,OK
00:25.5,316.7,131.02,-29.2,90.53,OK
00:25.5,364.05,131.02,-34.8,90.53,OK
00:25.5,402.9,131.02,-51.25,90.53,OK
00:25.5,436.8,131.02,-54.65,90.53,OK
00:25.5,430.9,131.02,-51.05,90.53,OK
00:25.5,382.8,131.02,-46.6,90.53,OK
00:25.5,277.9,131.02,-35.5,90.53,OK
00:25.6,126,131.02,-11.25,90.53,OK
00:25.6,-52.5,131.02,13.35,90.53,OK
00:25.6,-234.65,131.02,23.65,90.53,OK
00:25.6,-390.15,131.02,40.9,90.53,OK
00:25.6,-512.5,131.02,54.8,90.53,OK
00:25.6,-613.35,131.02,80.45,90.53,OK
00:25.6,-662.9,131.02,104.55,90.53,OK
00:25.6,-708.4,131.02,137.8,90.53,OK
00:25.6,-722,131.02,170.8,90.53,OK
00:25.6,-723.95,131.02,235.65,87.36,OK
00:25.6,-709.15,131.02,283.1,87.36,OK
00:25.7,-653.2,131.02,325.2,87.36,OK
00:25.7,-607.2,131.02,361.65,87.36,OK
00:25.7,-532.75,131.02,395.65,87.36,OK
00:25.7,-448.35,131.02,407.35,87.36,OK
00:25.7,-359.4,131.02,408.55,87.36,OK
00:25.7,-265.15,131.02,412.6,87.36,OK
00:25.7,-167.75,131.02,378.75,87.36,OK
00:25.7,-57.2,131.02,363.1,87.36,OK
00:25.7,35.05,131.02,339.4,87.36,OK
00:25.7,156.3,131.02,330.6,87.36,OK
00:25.8,251.45,131.02,308.45,87.36,OK
00:25.8,331.95,131.02,291.05,87.36,OK
00:25.8,430.15,131.02,277.55,87.36,OK
00:25.8,514.45,131.02,267.6,87.36,OK
00:25.8,579.95,131.02,268.3,87.36,OK
00:25.8,581.9,131.02,258.15,87.36,OK
00:25.8,514.6,131.02,256.3,87.36,OK
00:25.8,412.25,131.02,257.7,87.36,OK
00:25.8,297,131.02,276.3,87.36,OK
00:25.8,189.25,131.02,275.45,87.36,OK
00:25.9,72.65,131.02,285.6,87.36,OK
00:25.9,-16.65,131.02,300.45,87.36,OK
00:25.9,-81.4,131.02,317.05,87.36,OK
00:25.9,-120.35,131.02,317.25,87.36,OK
00:25.9,-145.9,131.02,310.05,87.36,OK
00:25.9,-201.15,131.02,315.1,87.36,OK
00:25.9,-180.65,131.02,307.1,87.36,OK
00:25.9,-204.15,131.02,291.4,87.36,OK
00:25.9,-191,131.02,274.65,87.36,OK
00:25.9,-179.9,131.02,233.9,87.36,OK
00:26.0,-150.35,131.02,191.6,87.36,OK
00:26.0,-102.3,131.02,156.7,87.36,OK
00:26.0,-71.15,131.02,112,87.36,OK
00:26.0,-14.15,131.02,83.95,87.36,OK
00:26.0,52.9,131.02,48.6,87.36,OK
00:26.0,100.1,131.02,27.75,87.36,OK
00:26.0,161.2,131.02,11.65,87.36,OK
00:26.0,220.2,131.02,-13,87.36,OK
00:26.0,260,131.02,-16.35,87.36,OK
00:26.1,310.95,131.02,-42.2,87.36,OK
00:26.1,346.75,131.02,-62.2,87.36,OK
00:26.1,363.3,131.02,-71.55,87.36,OK
00:26.1,375.65,131.02,-81.05,87.36,OK
00:26.1,385.9,148.67,-94.25,87.36,OK
00:26.1,368.9,148.67,-85.6,87.36,OK
00:26.1,370.8,148.67,-84.05,87.36,OK
00:26.1,358.1,148.67,-69.8,87.36,OK
00:26.1,348.15,148.67,-65.7,87.36,OK
00:26.1,318.7,148.67,-31.35,87.36,OK
00:26.2,299.9,148.67,-10.45,87.36,OK
00:26.2,273.95,148.67,-7.3,87.36,OK
00:26.2,256.35,148.67,0.15,87.36,OK
00:26.2,209.6,148.67,5.35,87.36,OK
00:26.2,163.95,148.67,11,87.36,OK
00:26.2,130.35,148.67,-10.05,87.36,OK
00:26.2,91.2,148.67,-42.5,87.36,OK
00:26.2,65.85,148.67,-92.2,87.36,OK
00:26.2,30.2,148.67,-143.5,87.36,OK
00:26.2,-3.35,148.67,-194.3,87.36,OK
00:26.2,-19.6,148.67,-245.7,87.36,OK
00:26.3,-35.8,148.67,-255.6,87.36,OK
00:26.3,-49.65,148.67,-286.45,87.36,OK
00:26.3,-53.55,148.67,-315.4,87.36,OK
00:26.3,-66.85,148.67,-323.75,87.36,OK
00:26.3,-67.45,148.67,-332.35,87.36,OK
00:26.3,-78.55,148.67,-328.25,87.36,OK
00:26.3,-81.25,148.67,-324.75,87.36,OK
00:26.3,-82.3,148.67,-305.2,87.36,OK
00:26.3,-79.85,148.67,-285,87.36,OK
00:26.3,-71.6,148.67,-257.1,87.36,OK
00:26.4,-51.55,148.67,-246.45,87.36,OK
00:26.4,-34.2,148.67,-206.3,87.36,OK
00:26.4,-12.4,148.67,-171.45,87.36,OK
00:26.4,15.35,148.67,-123.55,87.36,OK
00:26.4,48.15,148.67,-53.25,87.36,OK
00:26.4,71,148.67,-8.1,87.36,OK
00:26.4,81.05,148.67,47.15,79.67,OK
00:26.4,106.7,148.67,95.4,79.67,OK
00:26.4,125.15,148.67,129,79.67,OK
00:26.4,144.95,152,150.2,79.67,OK
00:26.5,163.9,152,162.4,79.67,OK
00:26.5,190.5,152,160.05,79.67,OK
00:26.5,193.3,152,182.7,79.67,OK
00:26.5,216.55,152,161.5,79.67,OK
00:26.5,226.45,152,158.35,79.67,OK
00:26.5,222.95,152,139.6,79.67,OK
00:26.5,221.25,152,132.5,79.67,OK
00:26.5,212.65,152,113.45,79.67,OK
00:26.5,196.65,152,104.85,79.67,OK
00:26.5,177.65,152,73.25,79.67,OK
00:26.6,155.45,152,64.55,79.67,OK
00:26.6,130.1,152,42.95,79.67,OK
00:26.6,102.1,152,22.2,79.67,OK
00:26.6,67.3,152,1.1,79.67,OK
00:26.6,42.65,152,-10.4,79.67,OK
00:26.6,23.55,152,-47.95,79.67,OK
00:26.6,-6,152,-80.85,79.67,OK
00:26.6,-16,152,-95,79.67,OK
00:26.6,-41.8,152,-116.4,79.67,OK
00:26.7,-59.55,152,-131.65,79.67,OK
00:26.7,-59.05,152,-128,79.67,OK
00:26.7,-78.65,152,-138.3,79.67,OK
00:26.7,-103.15,152,-123.3,79.67,OK
00:26.7,-113.95,152,-106.3,79.67,OK
00:26.7,-134.05,152,-94.05,79.67,OK
00:26.7,-126.4,152,-69,79.67,OK
00:26.7,-121.65,152,-50.2,79.67,OK
00:26.7,-99,152,-20.85,79.67,OK
00:26.7,-71.1,152,-9.5,79.67,OK
00:26.7,-45.05,152,24.4,79.67,OK
00:26.8,-0.1,152,43.75,79.67,OK
00:26.8,21.65,152,56.15,79.67,OK
00:26.8,35.35,152,68.55,79.67,OK
00:26.8,54.2,152,70.35,96.52,OK
00:26.8,51.65,152,97.55,96.52,OK
00:26.8,45.1,152,93.2,96.52,OK
00:26.8,31.3,161.35,87.35,96.52,OK
00:26.8,25.75,161.35,100.75,96.52,OK
00:26.8,13.85,161.35,110.95,96.52,OK
00:26.9,12.35,161.35,115.35,96.52,OK
00:26.9,12.05,161.35,107.45,96.52,OK
00:26.9,14.6,161.35,113.7,96.52,OK
00:26.9,9.95,161.35,123.1,96.52,OK
00:26.9,5.6,161.35,103.3,96.52,OK
00:26.9,-16.2,161.35,86.9,96.52,OK
00:26.9,-39.95,161.35,77.3,96.52,OK
00:26.9,-55.25,161.35,66.3,96.52,OK
00:26.9,-84.4,161.35,40.35,96.52,OK
00:26.9,-103.5,161.35,17.45,96.52,OK
00:26.9,-112.05,161.35,-9.8,96.52,OK
00:27.0,-135.1,161.35,-15.15,96.52,OK
00:27.0,-117.75,161.35,-35.1,96.52,OK
00:27.0,-101.3,161.35,-45.05,96.52,OK
00:27.0,-72.05,161.35,-53.55,96.52,OK
00:27.0,-70.65,161.35,-62.15,96.52,OK
00:27.0,-42.7,161.35,-59.9,96.52,OK
00:27.0,-32.7,161.35,-73.95,96.52,OK
00:27.0,-31.8,161.35,-93.85,96.52,OK
00:27.0,-35.1,161.35,-101.2,96.52,OK
00:27.0,-35.2,161.35,-105.3,96.52,OK
00:27.1,-42.65,161.35,-121.1,96.52,OK
00:27.1,-38.8,161.35,-130.05,96.52,OK
00:27.1,-40.65,161.35,-138.85,96.52,OK
00:27.1,-30.75,161.35,-152.7,96.52,OK
00:27.1,-29.55,161.35,-147.4,96.52,OK
00:27.1,-22.55,161.35,-147.35,96.52,OK
00:27.1,-16.35,161.35,-140,96.52,OK
00:27.1,-33.6,161.35,-148.4,96.52,OK
00:27.1,-26.2,161.35,-135.55,96.52,OK
00:27.1,5,161.35,-97.2,96.52,OK
00:27.2,18.85,161.35,-81.2,96.52,OK
00:27.2,53.25,161.35,-47.35,96.52,OK
00:27.2,83.3,161.35,-13.3,96.52,OK
00:27.2,140.2,161.35,28.5,96.52,OK
00:27.2,173.6,161.35,64.15,96.52,OK
00:27.2,210.65,161.35,103.9,96.52,OK
00:27.2,238.85,161.35,120.95,96.52,OK
00:27.2,248.6,165.62,130.2,115.57,OK
00:27.2,251,165.62,146.75,115.57,OK
00:27.3,255.05,165.62,159.8,115.57,OK
00:27.3,239.3,165.62,160.25,115.57,OK
00:27.3,230.9,165.62,156.5,115.57,OK
00:27.3,212.05,165.62,149.55,115.57,OK
00:27.3,192.4,165.62,127.8,115.57,OK
00:27.3,165.9,165.62,129.95,115.57,OK
00:27.3,159.85,165.62,117.4,115.57,OK
00:27.3,136.15,165.62,104.5,115.57,OK
00:27.3,116.4,165.62,90.45,115.57,OK
00:27.3,87.4,165.62,72.55,115.57,OK
00:27.3,71.85,165.62,53.35,115.57,OK
00:27.4,56.05,165.62,47.1,115.57,OK
00:27.4,0.3,165.62,20.9,115.57,OK
00:27.4,-96.2,165.62,0.65,115.57,OK
00:27.4,-260.05,165.62,-17.15,115.57,OK
00:27.4,-441.8,165.62,-27,115.57,OK
00:27.4,-615.95,165.62,-35.55,115.57,OK
00:27.4,-760.75,165.62,-40,115.57,OK
00:27.4,-873.2,165.62,-23.7,115.57,OK
00:27.4,-952.85,165.62,-50.9,115.57,OK
00:27.4,-969.45,165.62,-49.1,115.57,OK
00:27.5,-977.2,165.62,-53.5,115.57,OK
00:27.5,-955.05,165.62,-68.65,115.57,OK
00:27.5,-903.9,165.62,-42.75,115.57,OK
00:27.5,-843.25,165.62,-39.4,115.57,OK
00:27.5,-757.75,165.62,-37.25,115.57,OK
00:27.5,-667.6,165.62,-40.7,115.57,OK
00:27.5,-586.3,165.62,-41.85,115.57,OK
00:27.5,-492.3,165.62,-44.6,115.57,OK
00:27.5,-392.5,165.62,-50.95,115.57,OK
00:27.6,-292.4,165.62,-49.45,115.57,OK
00:27.6,-186.45,165.62,-68.35,115.57,OK
00:27.6,-105.75,165.62,-71.55,115.57,OK
00:27.6,-1.2,165.62,-72.95,115.57,OK
00:27.6,69.45,165.62,-76.45,115.57,OK
00:27.6,148.65,165.62,-87.35,115.57,OK
00:27.6,208.5,165.62,-107.2,115.57,OK
00:27.6,251.2,165.62,-110.65,115.57,OK
00:27.6,287.7,165.62,-129.75,115.57,OK
00:27.6,321.9,165.62,-137.4,115.57,OK
00:27.6,336.4,165.62,-147.05,115.57,OK
00:27.7,344.5,165.62,-140.85,115.57,OK
00:27.7,346.65,165.62,-156.3,115.57,OK
00:27.7,347.2,165.62,-158.85,115.57,OK
00:27.7,352.25,165.62,-157.75,115.57,OK
00:27.7,357.05,165.62,-145.65,115.57,OK
00:27.7,345.65,165.62,-124.35,115.57,OK
00:27.7,351.7,165.62,-126.55,115.57,OK
00:27.7,350.25,165.62,-117.9,115.57,OK
00:27.7,334.45,165.62,-97.25,115.57,OK
00:27.7,318.45,165.62,-78.15,115.57,OK
00:27.8,297,165.62,-67.35,115.57,OK
00:27.8,256.05,165.62,-65.6,115.57,OK
00:27.8,222.9,165.62,-66.65,115.57,OK
00:27.8,203.7,165.62,-62.85,115.57,OK
00:27.8,161.8,165.62,-74.8,115.57,OK
00:27.8,133.3,165.62,-78.45,115.57,OK
00:27.8,105.95,165.62,-81.05,115.57,OK
00:27.8,84.75,165.62,-91.15,115.57,OK
00:27.8,66.05,165.62,-100.2,115.57,OK
00:27.8,33,165.62,-111.25,115.57,OK
00:27.9,14.9,165.62,-112,115.57,OK
00:27.9,5.3,165.62,-119.25,115.57,OK
00:27.9,-6.55,165.62,-124.55,115.57,OK
00:27.9,-22.95,165.62,-130.7,115.57,OK
00:27.9,-18.8,165.62,-114.3,115.57,OK
00:27.9,-7.25,165.62,-112.1,115.57,OK
00:27.9,-2.9,165.62,-89.4,115.57,OK
00:27.9,17.15,165.62,-67.65,115.57,OK
00:27.9,37.15,165.62,-23.4,115.57,OK
00:27.9,63.7,165.62,23.1,115.57,OK
00:28.0,95.15,165.62,71.3,115.57,OK
00:28.0,114,165.62,110.1,115.57,OK
00:28.0,131.5,165.62,150.15,115.57,OK
00:28.0,144.5,165.62,181.05,115.57,OK
00:28.0,160.45,165.62,203.3,119.94,OK
00:28.0,165.4,165.62,227.15,119.94,OK
00:28.0,173.1,156.99,233.45,119.94,OK
00:28.0,170.25,156.99,235,119.94,OK
00:28.0,183,156.99,247.2,119.94,OK
00:28.0,183.05,156.99,248.4,119.94,OK
00:28.1,187.75,156.99,249.05,119.94,OK
00:28.1,200,156.99,250.7,119.94,OK
00:28.1,174.5,156.99,244.75,119.94,OK
00:28.1,170.75,156.99,232.4,119.94,OK
00:28.1,154.35,156.99,216.95,119.94,OK
00:28.1,128.2,156.99,193.05,119.94,OK
00:28.1,89.55,156.99,178.35,119.94,OK
00:28.1,46.5,156.99,139.15,119.94,OK
00:28.1,19.35,156.99,125.45,119.94,OK
00:28.2,-2.7,156.99,100.15,119.94,OK
00:28.2,-12.85,156.99,78.4,119.94,OK
00:28.2,-10.25,156.99,54.1,119.94,OK
00:28.2,-0.25,156.99,37.2,119.94,OK
00:28.2,-11.9,156.99,33.75,119.94,OK
00:28.2,1.8,156.99,23.85,119.94,OK
00:28.2,-0.8,156.99,16.65,119.94,OK
00:28.2,-9.15,156.99,16.05,119.94,OK
00:28.2,-16.75,156.99,6.4,119.94,OK
00:28.2,-31.3,156.99,4.05,119.94,OK
00:28.2,-44.35,156.99,-3.15,119.94,OK
00:28.3,-48.95,156.99,-2.5,119.94,OK
00:28.3,-77.3,156.99,-4.65,119.94,OK
00:28.3,-72.95,156.99,-8.75,119.94,OK
00:28.3,-67.75,156.99,-18.7,119.94,OK
00:28.3,-80.4,156.99,-16.25,119.94,OK
00:28.3,-57.3,156.99,-15.7,119.94,OK
00:28.3,-74.15,156.99,-21.25,119.94,OK
00:28.3,-17.2,156.99,-11.05,119.94,OK
00:28.3,-28.35,156.99,-12.3,119.94,OK
00:28.3,-19.5,156.99,-11.8,119.94,OK
00:28.4,-18.75,156.99,-14.35,119.94,OK
00:28.4,-27.95,156.99,-11.5,119.94,OK
00:28.4,-42.4,156.99,-12.8,119.94,OK
00:28.4,-55.3,156.99,-23.15,119.94,OK
00:28.4,-56.9,156.99,13.6,119.94,OK
00:28.4,-64.7,156.99,-8.5,119.94,OK
00:28.4,-76.8,156.99,-24.4,119.94,OK
00:28.4,-65.4,156.99,-31.05,119.94,OK
00:28.4,-51.15,156.99,-45.7,119.94,OK
00:28.5,-40.9,156.99,-66.3,119.94,OK
00:28.5,-23.7,156.99,-57.95,119.94,OK
00:28.5,-11.75,156.99,-67.9,119.94,OK
00:28.5,-8,156.99,-77.3,119.94,OK
00:28.5,-18.7,156.99,-98.85,119.94,OK
00:28.5,-39.3,156.99,-94.25,119.94,OK
00:28.5,-60.8,156.99,-95.3,119.94,OK
00:28.5,-85.05,156.99,-102.05,119.94,OK
00:28.5,-94.7,156.99,-92.45,119.94,OK
00:28.5,-103.2,156.99,-86.9,119.94,OK
00:28.5,-96.25,156.99,-87,119.94,OK
00:28.6,-79.75,156.99,-62.2,119.94,OK
00:28.6,-41.45,156.99,-48.65,119.94,OK
00:28.6,0,156.99,-46.95,119.94,OK
00:28.6,38.65,156.99,-43.7,119.94,OK
00:28.6,83.55,156.99,-25.15,119.94,OK
00:28.6,129.15,156.99,-27.3,119.94,OK
00:28.6,181.65,156.99,-23.25,119.94,OK
00:28.6,222.7,156.99,-34.75,119.94,OK
00:28.6,245.35,156.99,-32,119.94,OK
00:28.6,259.8,142.71,-41.75,119.94,OK
00:28.7,259.2,142.71,-60.05,119.94,OK
00:28.7,250.8,142.71,-58.85,119.94,OK
00:28.7,231.75,142.71,-58.15,119.94,OK
00:28.7,206.6,142.71,-40.55,119.94,OK
00:28.7,171.35,142.71,-15.2,119.94,OK
00:28.7,147.25,142.71,2.9,119.94,OK
00:28.7,119.3,142.71,27.05,119.94,OK
00:28.7,81.55,142.71,51.95,119.94,OK
00:28.7,39.3,142.71,47.85,119.94,OK
00:28.8,-5.5,142.71,68.15,119.94,OK
00:28.8,-45.5,142.71,84.35,119.94,OK
00:28.8,-79.65,142.71,92.3,119.94,OK
00:28.8,-102.1,142.71,88,119.94,OK
00:28.8,-121.85,142.71,83.55,119.94,OK
00:28.8,-129.9,142.71,93.9,119.94,OK
00:28.8,-129.35,142.71,94.5,119.94,OK
00:28.8,-118.05,142.71,97.55,119.94,OK
00:28.8,-99.7,142.71,87.85,119.94,OK
00:28.8,-78.25,142.71,89.55,119.94,OK
00:28.8,-48.45,142.71,67.25,119.94,OK
00:28.9,-20,142.71,61.55,119.94,OK
00:28.9,2.95,142.71,51.65,119.94,OK
00:28.9,22,142.71,45.35,119.94,OK
00:28.9,19.9,142.71,36.75,119.94,OK
00:28.9,-6.6,142.71,24.55,119.94,OK
00:28.9,-33.8,142.71,13.45,119.94,OK
00:28.9,-64.6,142.71,-2.8,119.94,OK
00:28.9,-96.4,142.71,0.95,119.94,OK
00:28.9,-120.8,142.71,-9.05,119.94,OK
00:28.9,-140.25,142.71,-10.85,119.94,OK
00:29.0,-147.25,142.71,-23.05,119.94,OK
00:29.0,-151.8,142.71,-26.45,119.94,OK
00:29.0,-142.2,142.71,-36.3,119.94,OK
00:29.0,-133.45,142.71,-32.3,119.94,OK
00:29.0,-108,142.71,-48.6,119.94,OK
00:29.0,-90.2,142.71,-60.8,119.94,OK
00:29.0,-80.25,142.71,-75.55,119.94,OK
00:29.0,-62.3,142.71,-101.8,119.94,OK
00:29.0,-41.4,142.71,-117.4,119.94,OK
00:29.0,-24.9,142.71,-128.75,119.94,OK
00:29.1,-19.25,142.71,-138,119.94,OK
00:29.1,-1.3,142.71,-129.25,119.94,OK
00:29.1,6.35,142.71,-138.35,119.94,OK
00:29.1,11.75,142.71,-127.45,119.94,OK
00:29.1,24.2,136.94,-125.35,119.94,OK
00:29.1,26.05,136.94,-115.45,119.94,OK
00:29.1,30.8,136.94,-114.65,119.94,OK
00:29.1,39.05,136.94,-104.45,119.94,OK
00:29.1,44.2,136.94,-89.8,119.94,OK
00:29.1,55.1,136.94,-103.85,119.94,OK
00:29.2,78.65,136.94,-83,119.94,OK
00:29.2,103.8,136.94,-81.85,119.94,OK
00:29.2,125.4,136.94,-76,119.94,OK
00:29.2,159.7,136.94,-68.8,119.94,OK
00:29.2,197.35,136.94,-80.4,119.94,OK
00:29.2,172.2,136.94,-61.25,119.94,OK
00:29.2,31.95,136.94,-60.65,119.94,OK
00:29.2,-159.9,136.94,-52.7,119.94,OK
00:29.2,-380.15,136.94,-71.6,119.94,OK
00:29.3,-606.1,136.94,-69.25,119.94,OK
00:29.3,-784.2,136.94,-79,119.94,OK
00:29.3,-943.25,136.94,-85.1,119.94,OK
00:29.3,-1040.5,136.94,-97.2,119.94,OK
00:29.3,-1092.05,136.94,-96.9,119.94,OK
00:29.3,-1110.85,136.94,-101.4,119.94,OK
00:29.3,-1091.15,136.94,-92,119.94,OK
00:29.3,-1042.1,136.94,-89.8,119.94,OK
00:29.3,-963.85,136.94,-77.85,119.94,OK
00:29.3,-892.1,136.94,-66.85,119.94,OK
00:29.3,-810.9,136.94,-54.45,119.94,OK
00:29.4,-746.55,136.94,-49.45,119.94,OK
00:29.4,-677,136.94,-41.05,119.94,OK
00:29.4,-605.35,136.94,-40.6,119.94,OK
00:29.4,-535.6,136.94,-37.2,119.94,OK
00:29.4,-441.6,136.94,-52.85,119.94,OK
00:29.4,-358.05,136.94,-49.85,119.94,OK
00:29.4,-281.05,136.94,-56.6,119.94,OK
00:29.4,-201.35,136.94,-59.8,119.94,OK
00:29.4,-115,142.97,-54.3,119.94,OK
00:29.4,-34.4,142.97,-47.1,119.94,OK
00:29.5,33.3,142.97,-12.3,119.94,OK
00:29.5,89.45,142.97,22.15,119.94,OK
00:29.5,137.65,142.97,47.3,119.94,OK
00:29.5,175.05,142.97,89.75,119.94,OK
00:29.5,192.75,142.97,104.55,119.94,OK
00:29.5,215.1,142.97,101.3,119.94,OK
00:29.5,246.85,142.97,112.85,119.94,OK
00:29.5,263.15,142.97,111.35,119.94,OK
00:29.5,283.35,142.97,117.35,98.47,OK
00:29.6,322.8,142.97,98.3,98.47,OK
00:29.6,350,142.97,109.25,98.47,OK
00:29.6,397.85,142.97,102.3,98.47,OK
00:29.6,440.4,142.97,101.7,98.47,OK
00:29.6,476.5,142.97,107.25,98.47,OK
00:29.6,528.25,142.97,96.75,98.47,OK
00:29.6,560.9,142.97,89.9,98.47,OK
00:29.6,579,142.97,75.55,98.47,OK
00:29.6,583.75,142.97,65.6,98.47,OK
00:29.6,589.05,142.97,41.3,98.47,OK
00:29.6,586.7,142.97,29.15,98.47,OK
00:29.7,549.5,142.97,6.3,98.47,OK
00:29.7,528.7,142.97,-16.05,98.47,OK
00:29.7,476.1,142.97,-38.15,98.47,OK
00:29.7,436.95,142.97,-48.45,98.47,OK
00:29.7,397.6,142.97,-66.75,98.47,OK
00:29.7,356.65,142.97,-78.25,98.47,OK
00:29.7,339.6,142.97,-77.7,98.47,OK
00:29.7,314.2,142.97,-85.3,98.47,OK
00:29.7,299.25,142.97,-81.2,98.47,OK
00:29.8,269.7,142.97,-83.4,98.47,OK
00:29.8,257.3,142.97,-84.35,98.47,OK
00:29.8,230.2,142.97,-82.1,98.47,OK
00:29.8,193.05,142.97,-88.8,98.47,OK
00:29.8,155,142.97,-94.1,98.47,OK
00:29.8,126.8,142.97,-100.65,98.47,OK
00:29.8,97,142.97,-87.25,98.47,OK
00:29.8,89.1,142.97,-81.85,98.47,OK
00:29.8,51.25,142.97,-77.15,98.47,OK
00:29.8,31.8,142.97,-80.5,98.47,OK
00:29.8,19.2,142.97,-75.7,98.47,OK
00:29.9,6.7,142.97,-64.75,98.47,OK
00:29.9,-10.55,142.97,-69,98.47,OK
00:29.9,-32.95,142.97,-65,98.47,OK
00:29.9,-45.35,142.97,-60.35,98.47,OK
00:29.9,-57.75,142.97,-65.1,98.47,OK
00:29.9,-84.5,142.97,-69,98.47,OK
00:29.9,-97.05,142.97,-80.1,98.47,OK
00:29.9,-126.85,142.97,-81.35,98.47,OK
00:29.9,-135.35,142.97,-79.35,98.47,OK
00:29.9,-128.15,142.97,-82.15,98.47,OK
00:30.0,-141.3,142.97,-74.3,98.47,OK
00:30.0,-148.9,142.97,-78.05,98.47,OK
00:30.0,-138.55,142.97,-69.55,98.47,OK
00:30.0,-161.75,142.97,-77.95,98.47,OK
00:30.0,-169.95,142.97,-72.1,98.47,OK
00:30.0,-179.35,142.97,-73.6,98.47,OK
00:30.0,-197.45,142.97,-76.75,98.47,OK
00:30.0,-202.6,142.97,-75.8,98.47,OK
00:30.0,-211.8,142.97,-66.6,98.47,OK
00:30.0,-195.15,142.97,-59.65,98.47,OK
00:30.1,-178.7,142.97,-53.55,98.47,OK
00:30.1,-178,142.97,-51.85,98.47,OK
00:30.1,-167.85,142.97,-44.4,98.47,OK
00:30.1,-170.15,142.97,-59,98.47,OK
00:30.1,-169.1,142.97,-54.1,98.47,OK
00:30.1,-170.4,142.97,-48.7,98.47,OK
00:30.1,-174.3,142.97,-45.15,98.47,OK
00:30.1,-181.65,142.97,-39.1,98.47,OK
00:30.1,-184.7,142.97,-38.15,98.47,OK
00:30.1,-166.75,142.97,-26.15,98.47,OK
00:30.2,-126.2,142.97,1.6,98.47,OK
00:30.2,-94.5,142.97,35.1,98.47,OK
00:30.2,-32.4,142.97,73.65,98.47,OK
00:30.2,-6,142.97,113.2,98.47,OK
00:30.2,50.7,142.97,163.8,98.47,OK
00:30.2,101.7,142.97,188.25,98.47,OK
00:30.2,163.65,142.97,224.7,98.47,OK
00:30.2,217.4,122.86,251.7,100.47,OK
00:30.2,263.85,122.86,256.75,100.47,OK
00:30.2,327.25,122.86,258.85,100.47,OK
00:30.3,378.05,122.86,265.65,100.47,OK
00:30.3,423.5,122.86,236.75,100.47,OK
00:30.3,462.25,122.86,232.2,100.47,OK
00:30.3,490.95,122.86,198.3,100.47,OK
00:30.3,511.95,122.86,169.8,100.47,OK
00:30.3,512.05,122.86,145.55,100.47,OK
00:30.3,487.25,122.86,112,100.47,OK
00:30.3,451.85,122.86,89.75,100.47,OK
00:30.3,402.7,122.86,67.55,100.47,OK
00:30.4,357.65,122.86,51.7,100.47,OK
00:30.4,318.7,122.86,45.6,100.47,OK
00:30.4,274.8,122.86,31.15,100.47,OK
00:30.4,225.05,122.86,8.25,100.47,OK
00:30.4,192,122.86,8.05,100.47,OK
00:30.4,158.5,122.86,-11.6,100.47,OK
00:30.4,127.45,122.86,-33.65,100.47,OK
00:30.4,97.75,122.86,-37.15,100.47,OK
00:30.4,72.15,122.86,-50.8,100.47,OK
00:30.4,31.45,122.86,-65.5,100.47,OK
00:30.5,1.4,122.86,-66.95,100.47,OK
00:30.5,-22.55,122.86,-72.55,100.47,OK
00:30.5,-28.2,122.86,-76.2,100.47,OK
00:30.5,-20.25,122.86,-70.1,100.47,OK
00:30.5,-23.3,122.86,-66.6,100.47,OK
00:30.5,-16.9,122.86,-59.65,100.47,OK
00:30.5,5.3,122.86,-52.1,100.47,OK
00:30.5,12.9,122.86,-41.65,100.47,OK
00:30.5,16.65,122.86,-28.9,100.47,OK
00:30.5,24.65,122.86,-14.95,100.47,OK
00:30.6,18.8,122.86,-6.25,100.47,OK
00:30.6,5.75,122.86,2.65,100.47,OK
00:30.6,-10.6,122.86,1.75,100.47,OK
00:30.6,-17.2,122.86,8.1,100.47,OK
00:30.6,-23.25,122.86,10.95,100.47,OK
00:30.6,-23.2,122.86,4.6,100.47,OK
00:30.6,-11.65,122.86,9.2,100.47,OK
00:30.6,-2.6,122.86,10.7,100.47,OK
00:30.6,6,122.86,11.45,100.47,OK
00:30.6,25.55,122.86,19.85,100.47,OK
00:30.6,56.65,122.86,1.85,100.47,OK
00:30.7,84.45,122.86,8.85,100.47,OK
00:30.7,112.6,122.86,4.5,100.47,OK
00:30.7,135.85,122.86,-1.65,100.47,OK
00:30.7,149.9,122.86,-24.8,100.47,OK
00:30.7,176.4,122.86,-23.95,100.47,OK
00:30.7,184.05,122.86,-29.7,100.47,OK
00:30.7,194.9,120.69,-39.6,100.47,OK
00:30.7,200.95,120.69,-39,100.47,OK
00:30.7,215,120.69,-38.75,100.47,OK
00:30.8,237.8,120.69,-36.2,100.47,OK
00:30.8,224.7,120.69,-23.85,100.47,OK
00:30.8,251.35,120.69,-21.7,100.47,OK
00:30.8,243.9,120.69,-26,100.47,OK
00:30.8,236.3,120.69,-8.1,100.47,OK
00:30.8,216.45,120.69,-6.65,100.47,OK
00:30.8,197.9,120.69,11.1,100.47,OK
00:30.8,171,120.69,21.35,100.47,OK
00:30.8,128.6,120.69,26.35,100.47,OK
00:30.8,105.45,120.69,35.35,100.47,OK
00:30.9,88.05,120.69,30.65,100.47,OK
00:30.9,67.6,120.69,35.1,100.47,OK
00:30.9,58.7,120.69,39.15,100.47,OK
00:30.9,44.5,120.69,41.75,100.47,OK
00:30.9,30.65,120.69,54.4,100.47,OK
00:30.9,32.15,120.69,78.65,100.47,OK
00:30.9,35,120.69,95.45,100.47,OK
00:30.9,54.55,120.69,118.15,100.47,OK
00:30.9,64.1,120.69,145.9,100.47,OK
00:30.9,62.7,120.69,157.4,100.47,OK
00:30.9,75.25,120.69,172.5,100.47,OK
00:31.0,89.85,120.69,173.4,100.47,OK
00:31.0,83.8,120.69,164.1,100.47,OK
00:31.0,74.65,120.69,156.15,100.47,OK
00:31.0,75,120.69,126.85,100.47,OK
00:31.0,76.2,120.69,132.6,100.47,OK
00:31.0,70.65,120.69,116.4,100.47,OK
00:31.0,61.1,120.69,104.7,100.47,OK
00:31.0,48.8,120.69,94.2,100.47,OK
00:31.0,45.2,120.69,67,100.47,OK
00:31.1,43.4,120.69,57.55,100.47,OK
00:31.1,49.7,120.69,62.55,100.47,OK
00:31.1,43.25,120.69,45.15,100.47,OK
00:31.1,46.2,120.69,35.9,100.47,OK
00:31.1,49.45,120.69,25.5,100.47,OK
00:31.1,62.2,120.69,20.4,100.47,OK
00:31.1,74.5,120.69,12.5,100.47,OK
00:31.1,76.75,120.69,9.05,100.47,OK
00:31.1,94.65,120.69,1.7,100.47,OK
00:31.1,88.8,120.69,1.4,100.47,OK
00:31.2,83.85,120.69,-5.2,100.47,OK
00:31.2,70.45,120.69,-10.8,100.47,OK
00:31.2,29.9,120.69,-21.6,100.47,OK
00:31.2,6.2,120.69,-25.8,100.47,OK
00:31.2,-26.65,120.69,-29.6,100.47,OK
00:31.2,-55.7,120.69,-37.9,100.47,OK
00:31.2,-69.05,120.69,-36.35,100.47,OK
00:31.2,-106.6,120.69,-41.4,100.47,OK
00:31.2,-127.25,120.69,-43.15,100.47,OK
00:31.2,-146.55,120.69,-49.3,100.47,OK
00:31.3,-170.1,120.69,-51.15,100.47,OK
00:31.3,-185.75,120.69,-54.8,100.47,OK
00:31.3,-217.25,120.69,-55.55,100.47,OK
00:31.3,-235.65,120.69,-61.7,100.47,OK
00:31.3,-249.05,120.69,-75.9,100.47,OK
00:31.3,-260.9,120.69,-89.9,100.47,OK
00:31.3,-279.7,120.69,-78.2,100.47,OK
00:31.3,-282.7,120.69,-79,100.47,OK
00:31.3,-297.35,120.69,-89.1,100.47,OK
00:31.3,-315.55,120.69,-88.7,100.47,OK
00:31.4,-306.6,120.69,-90.1,100.47,OK
00:31.4,-314.1,120.69,-83.7,100.47,OK
00:31.4,-319.6,120.69,-92.05,100.47,OK
00:31.4,-317.65,120.69,-95.1,100.47,OK
00:31.4,-317.7,120.69,-92.1,100.47,OK
00:31.4,-311.95,120.69,-98.85,100.47,OK
00:31.4,-298.05,120.69,-103.9,100.47,OK
00:31.4,-298.6,120.69,-104.8,100.47,OK
00:31.4,-280.75,120.69,-99.7,100.47,OK
00:31.4,-270.15,120.69,-115.7,100.47,OK
00:31.4,-261.05,120.69,-118.25,100.47,OK
00:31.5,-229.35,120.69,-121.45,100.47,OK
00:31.5,-223.7,120.69,-121.3,100.47,OK
00:31.5,-205.25,120.69,-128.7,100.47,OK
00:31.5,-196.4,120.69,-135.15,100.47,OK
00:31.5,-192.95,120.69,-137.9,100.47,OK
00:31.5,-178.05,120.69,-144.4,100.47,OK
00:31.5,-193.45,120.69,-143.65,100.47,OK
00:31.5,-192.75,120.69,-156.45,100.47,OK
00:31.5,-217.95,120.69,-154.05,100.47,OK
00:31.6,-221.8,120.69,-151.55,100.47,OK
00:31.6,-260.4,120.69,-139.05,100.47,OK
00:31.6,-305.25,120.69,-130.15,100.47,OK
00:31.6,-378.4,120.69,-116.85,100.47,OK
00:31.6,-462.2,120.69,-80.1,100.47,OK
00:31.6,-563.2,120.69,-52.05,100.47,OK
00:31.6,-644.7,120.69,-14.25,100.47,OK
00:31.6,-717.6,120.69,44.3,100.47,OK
00:31.6,-784,120.69,88.5,100.47,OK
00:31.6,-825.3,120.69,135.9,100.47,OK
00:31.7,-848.3,120.69,169.7,100.47,OK
00:31.7,-837.35,120.69,210.35,76.43,OK
00:31.7,-805.7,120.69,235.65,76.43,OK
00:31.7,-757.45,120.69,242.05,76.43,OK
00:31.7,-679.6,120.69,256.1,76.43,OK
00:31.7,-588.2,120.69,262.3,76.43,OK
00:31.7,-491.95,120.69,250.25,76.43,OK
00:31.7,-386.1,120.69,234.45,76.43,OK
00:31.7,-284.75,120.69,221.95,76.43,OK
00:31.7,-194.85,120.69,195.2,76.43,OK
00:31.7,-96.95,113.29,167.25,76.43,OK
00:31.8,-4.85,113.29,155.75,76.43,OK
00:31.8,86.75,113.29,125.5,76.43,OK
00:31.8,164.55,113.29,109.05,76.43,OK
00:31.8,228.1,113.29,80.35,76.43,OK
00:31.8,285.1,113.29,58.75,76.43,OK
00:31.8,331.35,113.29,43.6,76.43,OK
00:31.8,376.65,113.29,25.4,76.43,OK
00:31.8,401.65,113.29,1.95,76.43,OK
00:31.8,419.4,113.29,-17.45,76.43,OK
00:31.8,431.6,113.29,-41,76.43,OK
00:31.9,436.9,113.29,-59.3,76.43,OK
00:31.9,444,113.29,-74.05,76.43,OK
00:31.9,445.8,113.29,-89.95,76.43,OK
00:31.9,447.75,113.29,-92.1,76.43,OK
00:31.9,438.2,113.29,-87.1,76.43,OK
00:31.9,423.75,113.29,-88.45,76.43,OK
00:31.9,408.2,113.29,-91.2,76.43,OK
00:31.9,394.45,113.29,-73.15,76.43,OK
00:31.9,371.65,113.29,-73.1,76.43,OK
00:31.9,342.8,113.29,-61.7,76.43,OK
00:32.0,326.35,113.29,-62.45,76.43,OK
00:32.0,279.3,113.29,-58.55,76.43,OK
00:32.0,216.35,113.29,-47.65,76.43,OK
00:32.0,142.95,113.29,-42.2,76.43,OK
00:32.0,66.65,113.29,-39.75,76.43,OK
00:32.0,-19.85,113.29,-47.5,76.43,OK
00:32.0,-105.85,113.29,-41.45,76.43,OK
00:32.0,-173.6,113.29,-60.7,76.43,OK
00:32.0,-237.05,113.29,-64,76.43,OK
00:32.0,-268.55,113.29,-62,76.43,OK
00:32.1,-281.95,113.29,-73.9,76.43,OK
00:32.1,-287.2,113.29,-70.45,76.43,OK
00:32.1,-266.6,113.29,-87.75,76.43,OK
00:32.1,-235.5,113.29,-86.15,76.43,OK
00:32.1,-183.5,113.29,-78.65,76.43,OK
00:32.1,-131.85,113.29,-76.35,76.43,OK
00:32.1,-71.15,113.29,-80.05,76.43,OK
00:32.1,-23.7,113.29,-62.75,76.43,OK
00:32.1,29.65,113.29,-56.8,76.43,OK
00:32.1,75.8,113.29,-46.8,76.43,OK
00:32.2,120.35,113.29,-36.45,76.43,OK
00:32.2,149.3,115.2,-24.6,76.43,OK
00:32.2,186.1,115.2,-10.05,76.43,OK
00:32.2,209.5,115.2,0.15,76.43,OK
00:32.2,240.5,115.2,25.05,76.43,OK
00:32.2,268.2,115.2,31.95,76.43,OK
00:32.2,297.9,115.2,49,76.43,OK
00:32.2,309.9,115.2,77.2,76.43,OK
00:32.2,314.3,115.2,46.35,76.43,OK
00:32.2,318.35,115.2,41.45,76.43,OK
00:32.3,323.6,115.2,45.3,76.43,OK
00:32.3,324.4,115.2,30.65,76.43,OK
00:32.3,332.5,115.2,-2.6,76.43,OK
00:32.3,322.25,115.2,28.2,76.43,OK
00:32.3,344.05,115.2,-6.3,76.43,OK
00:32.3,332.6,115.2,6.25,76.43,OK
00:32.3,335.7,115.2,6.15,76.43,OK
00:32.3,341.55,115.2,18.8,76.43,OK
00:32.3,350.35,115.2,32.55,76.43,OK
00:32.3,359.75,115.2,57,76.43,OK
00:32.4,377.25,115.2,77.35,76.43,OK
00:32.4,396.95,115.2,102.4,76.43,OK
00:32.4,418.25,115.2,127.25,76.43,OK
00:32.4,426.25,115.2,145,76.43,OK
00:32.4,432.6,115.2,152.95,76.43,OK
00:32.4,435.55,115.2,157.4,76.43,OK
00:32.4,443.25,115.2,152.4,76.43,OK
00:32.4,436.75,115.2,156.25,64.74,OK
00:32.4,428,115.2,145.6,64.74,OK
00:32.4,411.55,115.2,140.45,64.74,OK
00:32.5,381.35,115.2,130.55,64.74,OK
00:32.5,367.5,115.2,122.8,64.74,OK
00:32.5,329.75,115.2,104.7,64.74,OK
00:32.5,311.25,115.2,85.7,64.74,OK
00:32.5,280.4,115.2,58.8,64.74,OK
00:32.5,262.85,115.2,39.1,64.74,OK
00:32.5,232.05,115.2,20.95,64.74,OK
00:32.5,198.4,115.2,-1.7,64.74,OK
00:32.5,175.6,115.2,-24.65,64.74,OK
00:32.6,133.8,115.2,-13.95,64.74,OK
00:32.6,90.7,115.2,-26.5,64.74,OK
00:32.6,50.55,115.2,-33.2,64.74,OK
00:32.6,15.45,115.2,-36.1,64.74,OK
00:32.6,-10.5,115.2,-44.15,64.74,OK
00:32.6,-34.3,115.2,-46.1,64.74,OK
00:32.6,-47.5,115.2,-48.05,64.74,OK
00:32.6,-59.75,115.2,-49.5,64.74,OK
00:32.6,-64.05,115.2,-42.45,64.74,OK
00:32.6,-61.75,115.2,-43.15,64.74,OK
00:32.7,-62.05,115.2,-42.35,64.74,OK
00:32.7,-63.6,115.2,-29.9,64.74,OK
00:32.7,-74.05,115.2,-31.9,64.74,OK
00:32.7,-82.75,115.2,-21.45,64.74,OK
00:32.7,-82.15,115.2,-11.7,64.74,OK
00:32.7,-82.9,115.2,-1.1,64.74,OK
00:32.7,-93.75,115.2,-6.55,64.74,OK
00:32.7,-110.1,115.2,-22.45,64.74,OK
00:32.7,-118.55,115.2,-35.25,64.74,OK
00:32.7,-125.65,115.2,-29.05,64.74,OK
00:32.7,-131.55,115.2,-49.75,64.74,OK
00:32.8,-140.35,115.2,-59.15,64.74,OK
00:32.8,-154.8,115.2,-52.85,64.74,OK
00:32.8,-160.3,115.2,-77.15,64.74,OK
00:32.8,-167.45,115.2,-82.35,64.74,OK
00:32.8,-169.55,115.2,-77.7,64.74,OK
00:32.8,-160.75,115.2,-85.6,64.74,OK
00:32.8,-162.6,115.2,-71.2,64.74,OK
00:32.8,-157.15,115.2,-69.45,64.74,OK
00:32.8,-142.6,115.2,-63,64.74,OK
00:32.8,-133.85,115.2,-82.45,64.74,OK
00:32.9,-125,115.2,-60.3,64.74,OK
00:32.9,-112.8,115.2,-69.7,64.74,OK
00:32.9,-114.5,115.2,-70.4,64.74,OK
00:32.9,-103.35,115.2,-58.05,64.74,OK
00:32.9,-102.9,115.2,-46.5,64.74,OK
00:32.9,-88.5,115.2,-56.45,64.74,OK
00:32.9,-90.7,115.2,-48.4,64.74,OK
00:32.9,-95.05,115.2,-29.8,64.74,OK
00:32.9,-87.2,115.2,-33.5,64.74,OK
00:32.9,-86.75,115.2,-2.8,64.74,OK
00:33.0,-77.35,115.2,0.2,64.74,OK
00:33.0,-72.15,115.2,17.55,64.74,OK
00:33.0,-58.2,115.2,23.15,64.74,OK
00:33.0,-46.55,115.2,46,64.74,OK
00:33.0,-27.4,115.2,47.65,64.74,OK
00:33.0,-9.2,115.2,63.65,64.74,OK
00:33.0,4.65,115.2,72.5,64.74,OK
00:33.0,25.1,115.2,102.4,64.74,OK
00:33.0,43.65,115.2,131.55,64.74,OK
00:33.0,38.2,115.2,162.35,64.74,OK
00:33.1,66.95,115.2,191.9,64.74,OK
00:33.1,101.7,115.2,222.4,64.74,OK
00:33.1,119.5,93.09,233.15,67.62,OK
00:33.1,126.5,93.09,247.55,67.62,OK
00:33.1,145.45,93.09,263.4,67.62,OK
00:33.1,158.35,93.09,242.4,67.62,OK
00:33.1,183.65,93.09,235.75,67.62,OK
00:33.1,161.6,93.09,231.9,67.62,OK
00:33.1,136.05,93.09,203.9,67.62,OK
00:33.2,104,93.09,189.95,67.62,OK
00:33.2,77.7,93.09,161.45,67.62,OK
00:33.2,54.85,93.09,137.95,67.62,OK
00:33.2,30.1,93.09,109.25,67.62,OK
00:33.2,5.45,93.09,86.1,67.62,OK
00:33.2,-11.95,93.09,63.45,67.62,OK
00:33.2,-19.55,93.09,39.25,67.62,OK
00:33.2,-36.95,93.09,23.75,67.62,OK
00:33.2,-50.85,93.09,-0.35,67.62,OK
00:33.2,-55.7,93.09,-18.2,67.62,OK
00:33.2,-60.7,93.09,-36.4,67.62,OK
00:33.3,-65.95,93.09,-45.3,67.62,OK
00:33.3,-63.35,93.09,-61.2,67.62,OK
00:33.3,-62.5,93.09,-79.75,67.62,OK
00:33.3,-68.5,93.09,-81.45,67.62,OK
00:33.3,-66.95,93.09,-89.7,67.62,OK
00:33.3,-60.3,93.09,-80.2,67.62,OK
00:33.3,-61.3,93.09,-86.35,67.62,OK
00:33.3,-61.35,93.09,-85.3,67.62,OK
00:33.3,-64.5,93.09,-79.5,67.62,OK
00:33.4,-63.35,93.09,-73.3,67.62,OK
00:33.4,-74.05,93.09,-63.65,67.62,OK
00:33.4,-72.1,93.09,-54.35,67.62,OK
00:33.4,-81.1,93.09,-46.65,67.62,OK
00:33.4,-88.2,93.09,-42.2,67.62,OK
00:33.4,-96.05,93.09,-35.15,67.62,OK
00:33.4,-98.45,93.09,-26.75,67.62,OK
00:33.4,-105.7,93.09,-17.65,67.62,OK
00:33.4,-115.55,93.09,-22.7,67.62,OK
00:33.4,-122.7,93.09,-17.25,67.62,OK
00:33.4,-135.8,93.09,-26.7,67.62,OK
00:33.5,-132.75,93.09,-29.05,67.62,OK
00:33.5,-138.75,93.09,-31.8,67.62,OK
00:33.5,-143,93.09,-25.7,67.62,OK
00:33.5,-138.35,93.09,-27.6,67.62,OK
00:33.5,-141.1,93.09,-14.75,67.62,OK
00:33.5,-131.65,93.09,-16.5,67.62,OK
00:33.5,-116.8,93.09,-13,67.62,OK
00:33.5,-102.5,93.09,-7.1,67.62,OK
00:33.5,-102.2,93.09,-8.2,67.62,OK
00:33.5,-78.85,93.09,-4.55,67.62,OK
00:33.6,-79.85,93.09,0.95,67.62,OK
00:33.6,-59.65,93.09,12.95,67.62,OK
00:33.6,-40.8,93.09,-1.25,67.62,OK
00:33.6,-51.7,93.09,-13.85,67.62,OK
00:33.6,-40.55,93.09,-15.25,67.62,OK
00:33.6,-40.55,93.09,-14.45,67.62,OK
00:33.6,-26.7,93.09,-26.7,67.62,OK
00:33.6,-13.2,93.09,-20.65,67.62,OK
00:33.6,-10.45,93.09,-30.9,67.62,OK
00:33.7,-5.95,93.09,-39.3,67.62,OK
00:33.7,-11.4,93.09,-45.6,67.62,OK
00:33.7,-4.95,93.09,-29.95,67.62,OK
00:33.7,-11.9,93.09,-32.9,67.62,OK
00:33.7,-32.1,93.09,-51.05,67.62,OK
00:33.7,-37.7,93.09,-40.05,67.62,OK
00:33.7,-20.3,93.09,-32.5,67.62,OK
00:33.7,-25.45,93.09,-12.75,67.62,OK
00:33.7,-23.5,93.09,-0.3,67.62,OK
00:33.7,7.3,93.09,40.95,67.62,OK
00:33.7,29.55,93.09,75.5,67.62,OK
00:33.8,48.15,93.09,110.35,67.62,OK
00:33.8,80.45,93.09,124.85,67.62,OK
00:33.8,92.45,93.09,160.45,67.62,OK
00:33.8,106.45,93.09,178,67.62,OK
00:33.8,97.75,93.09,180.75,76.5,OK
00:33.8,112.55,93.09,179.95,76.5,OK
00:33.8,97.15,93.09,176,76.5,OK
00:33.8,102.55,93.09,159.5,76.5,OK
00:33.8,87.3,93.09,136.9,76.5,OK
00:33.9,96.3,93.09,120,76.5,OK
00:33.9,86,93.09,104.8,76.5,OK
00:33.9,76.05,93.09,85.7,76.5,OK
00:33.9,65.8,93.09,61.05,76.5,OK
00:33.9,56.45,93.09,22.75,76.5,OK
00:33.9,57.2,93.09,5.25,76.5,OK
00:33.9,59.2,93.09,-22.05,76.5,OK
00:33.9,60.3,93.09,-32.3,76.5,OK
00:33.9,43.75,93.09,-44.7,76.5,OK
00:33.9,47.15,93.09,-65.15,76.5,OK
00:33.9,32.1,93.09,-81.95,76.5,OK
00:34.0,18.5,93.09,-87.45,76.5,OK
00:34.0,6.15,93.09,-86.9,76.5,OK
00:34.0,0.75,93.09,-82.2,76.5,OK
00:34.0,-8.25,93.09,-87.55,76.5,OK
00:34.0,-0.85,93.09,-75.5,76.5,OK
00:34.0,-1.35,93.09,-67.95,76.5,OK
00:34.0,6.25,93.09,-60,76.5,OK
00:34.0,6.4,93.09,-61.8,76.5,OK
00:34.0,11.75,93.09,-72.2,76.5,OK
00:34.0,17.55,93.09,-42,76.5,OK
00:34.1,22.85,93.09,-41.6,76.5,OK
00:34.1,16.25,93.09,-38.4,76.5,OK
00:34.1,16.4,93.09,-29.05,76.5,OK
00:34.1,13.55,93.09,-34.55,76.5,OK
00:34.1,-10.6,93.09,-32.3,76.5,OK
00:34.1,-13.05,93.09,-31.8,76.5,OK
00:34.1,-11.95,93.09,-32.2,76.5,OK
00:34.1,-21.65,93.09,-34.55,76.5,OK
00:34.1,-37.8,93.09,-37.4,76.5,OK
00:34.1,-39.15,93.09,-43.55,76.5,OK
00:34.2,-35,93.09,-43.85,76.5,OK
00:34.2,-43.75,93.09,-50.7,76.5,OK
00:34.2,-51.15,93.09,-49.4,76.5,OK
00:34.2,-84.1,93.09,-57.1,76.5,OK
00:34.2,-84.35,93.09,-44.95,76.5,OK
00:34.2,-90.05,93.09,-51.25,76.5,OK
00:34.2,-104.25,93.09,-51.3,76.5,OK
00:34.2,-104.05,93.09,-53.5,76.5,OK
00:34.2,-121.2,93.09,-56.3,76.5,OK
00:34.3,-112.95,93.09,-46.2,76.5,OK
00:34.3,-110.95,93.09,-62.35,76.5,OK
00:34.3,-105.95,93.09,-44.35,76.5,OK
00:34.3,-88.25,93.09,-54.4,76.5,OK
00:34.3,-59.6,93.09,-72.75,76.5,OK
00:34.3,-11.3,93.09,-54.85,76.5,OK
00:34.3,-2.35,93.09,-48.2,76.5,OK
00:34.3,2.6,93.09,-54.2,76.5,OK
00:34.3,14.6,93.09,-56.15,76.5,OK
00:34.3,5.3,93.09,-46.65,76.5,OK
00:34.3,-3.55,93.09,-32.15,76.5,OK
00:34.4,11.15,93.09,-42.1,76.5,OK
00:34.4,15.25,93.09,-48.05,76.5,OK
00:34.4,20.7,93.09,-44.1,76.5,OK
00:34.4,11.8,93.09,-38.8,76.5,OK
00:34.4,22.15,93.09,-43.6,76.5,OK
00:34.4,32.4,93.09,-43.7,76.5,OK
00:34.4,46.75,93.09,-47.6,76.5,OK
00:34.4,63.7,93.09,-21,76.5,OK
00:34.4,74.5,93.09,-9.2,76.5,OK
00:34.4,101.5,93.09,30.9,76.5,OK
00:34.5,118.75,93.09,75.55,76.5,OK
00:34.5,136.3,93.09,113.75,76.5,OK
00:34.5,161.35,93.09,137.65,76.5,OK
00:34.5,157,93.09,170.2,76.5,OK
00:34.5,172.45,93.09,184.15,76.5,OK
00:34.5,174.4,93.09,204.55,76.01,OK
00:34.5,179.45,86.23,216.1,76.01,OK
00:34.5,184,86.23,201.3,76.01,OK
00:34.5,183.2,86.23,203.85,76.01,OK
00:34.5,200.05,86.23,188.95,76.01,OK
00:34.6,205.3,86.23,172.4,76.01,OK
00:34.6,191.4,86.23,145.9,76.01,OK
00:34.6,188.85,86.23,125.65,76.01,OK
00:34.6,166,86.23,103.85,76.01,OK
00:34.6,138.15,86.23,81.95,76.01,OK
00:34.6,106.6,86.23,43.1,76.01,OK
00:34.6,70.95,86.23,26.95,76.01,OK
00:34.6,46.9,86.23,6.4,76.01,OK
00:34.6,20.45,86.23,-15.15,76.01,OK
00:34.7,-17.75,86.23,-27.55,76.01,OK
00:34.7,-27.45,86.23,-37.4,76.01,OK
00:34.7,-41.25,86.23,-46.85,76.01,OK
00:34.7,-63.15,86.23,-62.1,76.01,OK
00:34.7,-60.85,86.23,-57.45,76.01,OK
00:34.7,-65.95,86.23,-56.55,76.01,OK
00:34.7,-48.25,86.23,-66.35,76.01,OK
00:34.7,-48.6,86.23,-65.65,76.01,OK
00:34.7,-55.6,86.23,-75.2,76.01,OK
00:34.7,-62.4,86.23,-74.55,76.01,OK
00:34.8,-82.2,86.23,-64.1,76.01,OK
00:34.8,-108.1,86.23,-66.25,76.01,OK
00:34.8,-125.4,86.23,-57.1,76.01,OK
00:34.8,-135.75,86.23,-53.1,76.01,OK
00:34.8,-144.2,86.23,-48.4,76.01,OK
00:34.8,-166.3,86.23,-49.7,76.01,OK
00:34.8,-154.05,86.23,-50,76.01,OK
00:34.8,-152.25,86.23,-40.65,76.01,OK
00:34.8,-143.75,86.23,-42.4,76.01,OK
00:34.8,-132.9,86.23,-38.65,76.01,OK
00:34.9,-125.35,86.23,-31.25,76.01,OK
00:34.9,-120.6,86.23,-37.5,76.01,OK
00:34.9,-114.05,86.23,-40.65,76.01,OK
00:34.9,-102.55,86.23,-29.85,76.01,OK
00:34.9,-107.05,86.23,-37.25,76.01,OK
00:34.9,-101.5,86.23,-35.55,76.01,OK
00:34.9,-90.95,86.23,-23.95,76.01,OK
00:34.9,-92.7,86.23,-17.75,76.01,OK
00:34.9,-89.4,86.23,-22.95,76.01,OK
00:34.9,-77.55,86.23,-24.3,76.01,OK
00:35.0,-65.05,86.23,-13.9,76.01,OK
00:35.0,-44.85,86.23,-12,76.01,OK
00:35.0,-21.85,86.23,-9.05,76.01,OK
00:35.0,-0.8,86.23,-8.2,76.01,OK
00:35.0,17.4,86.23,-6.45,76.01,OK
00:35.0,37.75,86.23,-25.05,76.01,OK
00:35.0,46.55,86.23,-24.85,76.01,OK
00:35.0,54.3,86.23,-30.05,76.01,OK
00:35.0,44.25,86.23,-36.15,76.01,OK
00:35.0,26.95,86.23,-44.7,76.01,OK
00:35.1,-3,86.23,-44.9,76.01,OK
00:35.1,-20.35,86.23,-37.85,76.01,OK
00:35.1,-48.4,86.23,-40.9,76.01,OK
00:35.1,-61.55,86.23,-48.05,76.01,OK
00:35.1,-68,86.23,-50.5,76.01,OK
00:35.1,-82.8,86.23,-58.5,76.01,OK
00:35.1,-85.35,86.23,-82.6,76.01,OK
00:35.1,-97.8,86.23,-91.75,76.01,OK
00:35.1,-102.3,86.23,-104.3,76.01,OK
00:35.1,-108.3,86.23,-116.05,76.01,OK
00:35.2,-112.75,86.23,-119.75,76.01,OK
00:35.2,-111.4,86.23,-121.85,76.01,OK
00:35.2,-112.8,86.23,-106.2,76.01,OK
00:35.2,-104.4,86.23,-81.4,76.01,OK
00:35.2,-89.55,86.23,-51.7,76.01,OK
00:35.2,-66.4,86.23,-0.4,76.01,OK
00:35.2,-53,86.23,41.8,76.01,OK
00:35.2,-17.5,86.23,96.8,76.01,OK
00:35.2,-15.15,86.23,128.6,76.01,OK
00:35.2,2.8,86.23,156.15,76.01,OK
00:35.3,8.2,86.23,175.2,76.01,OK
00:35.3,17.4,86.23,183.65,83.61,OK
00:35.3,35.25,86.23,190.05,83.61,OK
00:35.3,44.8,86.23,169.5,83.61,OK
00:35.3,42.95,86.23,161.6,83.61,OK
00:35.3,61.15,86.23,125.5,83.61,OK
00:35.3,58.05,86.23,110.2,83.61,OK
00:35.3,81.7,86.23,87.75,83.61,OK
00:35.3,88.3,86.23,62.1,83.61,OK
00:35.3,95.65,86.23,49.55,83.61,OK
00:35.4,112.25,86.23,23.15,83.61,OK
00:35.4,118.8,86.23,15,83.61,OK
00:35.4,116.5,86.23,0.35,83.61,OK
00:35.4,110,86.23,-6.65,83.61,OK
00:35.4,96.95,86.23,-9.85,83.61,OK
00:35.4,80.95,86.23,-11.95,83.61,OK
00:35.4,62.65,86.23,-9.45,83.61,OK
00:35.4,54.75,86.23,-4.55,83.61,OK
00:35.4,32.35,86.23,-9.7,83.61,OK
00:35.4,21.75,86.23,-1.6,83.61,OK
00:35.5,16.15,86.23,4.55,83.61,OK
00:35.5,22.2,86.23,0.8,83.61,OK
00:35.5,25.6,86.23,17.1,83.61,OK
00:35.5,21.4,86.23,20.7,83.61,OK
00:35.5,48.4,86.23,34.7,83.61,OK
00:35.5,61.4,86.23,26.7,83.61,OK
00:35.5,66.7,86.23,36.85,83.61,OK
00:35.5,86.05,86.23,34.4,83.61,OK
00:35.5,100.85,86.23,39.75,83.61,OK
00:35.5,100,86.23,39.85,83.61,OK
00:35.6,129.5,86.23,40.9,83.61,OK
00:35.6,127.5,86.23,42.8,83.61,OK
00:35.6,112.3,86.23,36.6,83.61,OK
00:35.6,103.4,86.23,38.25,83.61,OK
00:35.6,79.25,86.23,38,83.61,OK
00:35.6,29.05,86.23,37.8,83.61,OK
00:35.6,-114.35,86.23,34,83.61,OK
00:35.6,-336.95,86.23,40.1,83.61,OK
00:35.6,-582.7,86.23,40.75,83.61,OK
00:35.6,-822.65,86.23,36.8,83.61,OK
00:35.7,-1010.55,86.23,43.55,83.61,OK
00:35.7,-1149.7,86.23,40.9,83.61,OK
00:35.7,-1245.95,86.23,46.45,83.61,OK
00:35.7,-1280.5,86.23,52.55,83.61,OK
00:35.7,-1261.15,86.23,60.65,83.61,OK
00:35.7,-1215.75,86.23,46.8,83.61,OK
00:35.7,-1150.55,86.23,13.05,83.61,OK
00:35.7,-1044.85,86.23,-42,83.61,OK
00:35.7,-949.3,86.23,-117.65,83.61,OK
00:35.7,-837.55,86.23,-199.6,83.61,OK
00:35.8,-721.25,86.23,-271.05,83.61,OK
00:35.8,-594.6,86.23,-326.55,83.61,OK
00:35.8,-474.1,86.23,-355.7,83.61,OK
00:35.8,-345,86.23,-361.2,83.61,OK
00:35.8,-226.7,71.19,-365.15,83.61,OK
00:35.8,-112.6,71.19,-328.6,83.61,OK
00:35.8,15.1,71.19,-297.5,83.61,OK
00:35.8,108.85,71.19,-250.2,83.61,OK
00:35.8,177.35,71.19,-230.55,83.61,OK
00:35.8,247.3,71.19,-191.8,83.61,OK
00:35.9,295.1,71.19,-171.45,83.61,OK
00:35.9,349.65,71.19,-145.25,83.61,OK
00:35.9,375.55,71.19,-141.6,83.61,OK
00:35.9,412.6,71.19,-126,83.61,OK
00:35.9,448,71.19,-125.5,83.61,OK
00:35.9,477.9,71.19,-145.1,86.78,OK
00:35.9,522.2,71.19,-138.25,86.78,OK
00:35.9,539.15,71.19,-97.05,86.78,OK
00:35.9,566.5,71.19,-76.9,86.78,OK
00:35.9,581.6,71.19,-26.2,86.78,OK
00:36.0,581.35,71.19,6,86.78,OK
00:36.0,578.45,71.19,34.25,86.78,OK
00:36.0,556.65,71.19,83.45,86.78,OK
00:36.0,510.8,71.19,123.95,86.78,OK
00:36.0,457.95,71.19,151.25,86.78,OK
00:36.0,409,71.19,173.6,86.78,OK
00:36.0,356.5,71.19,190.95,86.78,OK
00:36.0,305.5,71.19,210.05,86.78,OK
00:36.0,232.75,71.19,200.9,86.78,OK
00:36.0,179.35,71.19,204.85,86.78,OK
00:36.1,128.9,71.19,197.5,86.78,OK
00:36.1,86.2,71.19,187.3,86.78,OK
00:36.1,57.75,71.19,180.8,86.78,OK
00:36.1,50.6,71.19,166.9,86.78,OK
00:36.1,27.95,71.19,149.85,86.78,OK
00:36.1,32.55,71.19,139.1,86.78,OK
00:36.1,21.4,71.19,122.25,86.78,OK
00:36.1,27.5,71.19,104.3,86.78,OK
00:36.1,20.4,71.19,97.8,86.78,OK
00:36.1,21.35,71.19,90.7,86.78,OK
00:36.1,14.2,71.19,84.35,86.78,OK
00:36.2,23.15,71.19,61.7,86.78,OK
00:36.2,35.15,71.19,55.35,86.78,OK
00:36.2,45,71.19,51.05,86.78,OK
00:36.2,42.85,71.19,29.3,86.78,OK
00:36.2,57.9,71.19,26.05,86.78,OK
00:36.2,68.95,71.19,21.25,86.78,OK
00:36.2,71.35,71.19,18,86.78,OK
00:36.2,78.5,71.19,10.15,86.78,OK
00:36.2,88,71.19,9.05,86.78,OK
00:36.3,93,71.19,4.35,86.78,OK
00:36.3,101.45,71.19,2.75,86.78,OK
00:36.3,111.8,71.19,5.3,86.78,OK
00:36.3,122,71.19,12.4,86.78,OK
00:36.3,119.7,71.19,5.65,86.78,OK
00:36.3,120.05,71.19,9.95,86.78,OK
00:36.3,111.5,71.19,15,86.78,OK
00:36.3,95.25,71.19,13.05,86.78,OK
00:36.3,80.4,71.19,9.8,86.78,OK
00:36.3,69.05,71.19,18.55,86.78,OK
00:36.3,55.75,71.19,12.1,86.78,OK
00:36.4,35.6,71.19,10.3,86.78,OK
00:36.4,36.65,71.19,11.7,86.78,OK
00:36.4,27.35,71.19,8.55,86.78,OK
00:36.4,18.1,71.19,-0.85,86.78,OK
00:36.4,25.95,71.19,8.4,86.78,OK
00:36.4,25.2,71.19,-1.85,86.78,OK
00:36.4,32.05,71.19,-6.85,86.78,OK
00:36.4,33.15,71.19,8.1,86.78,OK
00:36.4,38.5,71.19,-7.15,86.78,OK
00:36.5,43,71.19,-12.3,86.78,OK
00:36.5,41.25,71.19,-10.55,86.78,OK
00:36.5,33.75,71.19,-20.1,86.78,OK
00:36.5,31.3,71.19,-21.1,86.78,OK
00:36.5,14.1,71.19,-20.35,86.78,OK
00:36.5,3,71.19,-20.25,86.78,OK
00:36.5,-1.75,71.19,-13.1,86.78,OK
00:36.5,-20.85,71.19,-6.25,86.78,OK
00:36.5,-35.45,71.19,-18.8,86.78,OK
00:36.5,-45.6,71.19,-14.95,86.78,OK
00:36.6,-34.5,71.19,-28.6,86.78,OK
00:36.6,-32.15,71.19,-33.9,86.78,OK
00:36.6,-35.2,71.19,-34.9,86.78,OK
00:36.6,-23.95,71.19,-45.35,86.78,OK
00:36.6,-39.05,71.19,-60.3,86.78,OK
00:36.6,-46,71.19,-71.9,86.78,OK
00:36.6,-64.6,71.19,-90.75,86.78,OK
00:36.6,-71.95,71.19,-113.35,86.78,OK
00:36.6,-87.85,71.19,-162.15,86.78,OK
00:36.6,-117.3,71.19,-232.45,86.78,OK
00:36.7,-125.35,71.19,-291.15,86.78,OK
00:36.7,-146.6,71.19,-382,86.78,OK
00:36.7,-149.3,71.19,-462.85,86.78,OK
00:36.7,-151.25,71.19,-519.3,86.78,OK
00:36.7,-174.15,71.19,-531.35,86.78,OK
00:36.7,-161.55,71.19,-519.2,86.78,OK
00:36.7,-162.45,71.19,-475.1,86.78,OK
00:36.7,-167.4,71.19,-403.5,86.78,OK
00:36.7,-183.6,71.19,-344.85,86.78,OK
00:36.7,-213.1,71.19,-302.55,86.78,OK
00:36.7,-237.9,71.19,-241.55,86.78,OK
00:36.8,-274.65,71.19,-191,86.78,OK
00:36.8,-278.25,71.19,-138.85,86.78,OK
00:36.8,-298.95,71.19,-97.15,86.78,OK
00:36.8,-318.1,71.19,-52.4,86.78,OK
00:36.8,-337.25,71.19,-13.3,81.65,OK
00:36.8,-335.1,71.19,24.7,81.65,OK
00:36.8,-341.65,71.19,60.35,81.65,OK
00:36.8,-369.25,71.19,72.2,81.65,OK
00:36.8,-401.4,71.19,105.65,81.65,OK
00:36.9,-456.75,71.19,122.7,81.65,OK
00:36.9,-517.6,71.19,147.7,81.65,OK
00:36.9,-577.85,71.19,173.5,81.65,OK
00:36.9,-630.65,71.19,204.5,81.65,OK
00:36.9,-665.85,71.19,225.1,81.65,OK
00:36.9,-674.8,71.19,255.75,81.65,OK
00:36.9,-659.35,71.19,283.1,81.65,OK
00:36.9,-628.45,71.19,304.85,81.65,OK
00:36.9,-565.4,71.19,320.7,81.65,OK
00:36.9,-523,71.19,332,81.65,OK
00:36.9,-469.8,71.19,329.5,81.65,OK
00:37.0,-419.55,71.19,303.95,81.65,OK
00:37.0,-395.35,71.19,261.45,81.65,OK
00:37.0,-383.6,71.19,182.55,81.65,OK
00:37.0,-362.8,71.19,107.5,81.65,OK
00:37.0,-347.8,71.19,26.6,81.65,OK
00:37.0,-301.2,69.38,-51.05,81.65,OK
00:37.0,-256.5,69.38,-128.25,81.65,OK
00:37.0,-214.85,69.38,-193.5,81.65,OK
00:37.0,-176.55,69.38,-262.05,81.65,OK
00:37.0,-142.95,69.38,-372.1,81.65,OK
00:37.1,-114.5,69.38,-455.9,81.65,OK
00:37.1,-91.4,69.38,-550.15,81.65,OK
00:37.1,-73.5,69.38,-614.4,81.65,OK
00:37.1,-60.05,69.38,-683.35,81.65,OK
00:37.1,-49.9,69.38,-743.35,81.65,OK
00:37.1,-41.9,69.38,-815.4,81.65,OK
00:37.1,-35.3,69.38,-855,81.65,OK
00:37.1,-28.4,69.38,-887.4,81.65,OK
00:37.1,-22.15,69.38,-908,81.65,OK
00:37.2,-15.9,69.38,-915.85,81.65,OK
00:37.2,-9.65,69.38,-903,81.65,OK
00:37.2,-4.7,69.38,-884.55,81.65,OK
00:37.2,-1.65,69.38,-842.7,81.65,OK
00:37.2,0,69.38,-772,81.65,OK
00:37.2,0,69.38,-690.65,81.65,OK
00:37.2,0,69.38,-612.7,81.65,OK
00:37.2,0,69.38,-538.35,81.65,OK
00:37.2,0,69.38,-467.15,81.65,OK
00:37.2,0,69.38,-399.5,81.65,OK
00:37.2,0,69.38,-337.8,91.65,OK
00:37.3,0,69.38,-281.05,91.65,OK
00:37.3,0,69.38,-230.15,91.65,OK
00:37.3,0,69.38,-183.95,91.65,OK
00:37.3,0,69.38,-143.05,91.65,OK
00:37.3,0,69.38,-107.4,91.65,OK
00:37.3,0,69.38,-78.05,91.65,OK
00:37.3,0,69.38,-53.75,91.65,OK
00:37.3,0,69.38,-34.5,91.65,OK
00:37.3,0,69.38,-20.05,91.65,OK
00:37.3,0,69.38,-10.05,91.65,OK
00:37.4,0,69.38,-3.65,91.65,OK
00:37.4,0,69.38,-0.7,91.65,OK
00:37.4,0,69.38,0,91.65,OK
00:37.4,0,69.38,0,91.65,OK
00:37.4,0,69.38,0,91.65,OK
00:37.4,0,69.38,0,91.65,OK
00:37.4,0,69.38,0,91.65,OK
00:37.4,0,69.38,0,91.65,OK
00:37.4,0,69.38,0,91.65,OK
00:37.5,0,69.38,0,91.65,OK
00:37.5,0,69.38,0,91.65,OK
00:37.5,0,69.38,0,91.65,OK
00:37.5,0,69.38,0,91.65,OK
00:37.5,0,69.38,0,91.65,OK
00:37.5,0,69.38,0,91.65,OK
00:37.5,0,69.38,0,91.65,OK
00:37.5,0,69.38,0,91.65,OK
00:37.5,0,69.38,0,91.65,OK
00:37.5,0,69.38,0,91.65,OK
00:37.5,0,69.38,0,91.65,OK
00:37.6,0,69.38,0,91.65,OK
00:37.6,0,69.38,0,91.65,OK
00:37.6,0,69.38,0,91.65,OK
00:37.6,0,69.38,0,91.65,OK
00:37.6,0,69.38,0,91.65,OK
00:37.6,0,69.38,0,91.65,OK
00:37.6,0,69.38,0,91.65,OK
00:37.6,0,69.38,0,91.65,OK
00:37.6,0,69.38,0,91.65,OK
00:37.7,0,69.38,0,91.65,OK
00:37.7,0,69.38,0,91.65,OK
00:37.7,0,69.38,0,91.65,OK
00:37.7,0,69.38,0,91.65,OK
00:37.7,0,69.38,0,91.65,OK
00:37.7,0,69.38,0,91.65,OK
00:37.7,0,69.38,0,91.65,OK
00:37.7,0,69.38,0,91.65,OK
00:37.7,0,69.38,0,91.65,OK
00:37.7,0,69.38,0,91.65,OK
00:37.7,0,69.38,0,91.65,OK
00:37.8,0,69.38,0,91.65,OK
00:37.8,0,69.38,0,91.65,OK
00:37.8,0,69.38,0,91.65,OK
00:37.8,0,69.38,0,91.65,OK
00:37.8,0,69.38,0,91.65,OK
00:37.8,0,69.38,0,91.65,OK
00:37.8,0,69.38,0,91.65,OK
00:37.8,0,69.38,0,91.65,OK
00:37.8,0,69.38,0,91.65,OK
00:37.8,0,69.38,0,91.65,OK
00:37.9,0,69.38,0,91.65,OK
00:37.9,0,69.38,0,91.65,OK
00:37.9,0,69.38,0,91.65,OK
00:37.9,0,69.38,0,91.65,OK
00:37.9,0,69.38,0,91.65,OK
00:37.9,0,69.38,0,91.65,OK
00:37.9,0,69.38,38.95,91.65,OK
00:37.9,0,69.38,123.35,91.65,OK
00:37.9,0,69.38,225.05,91.65,OK
00:37.9,0,69.38,343.85,91.65,OK
00:38.0,0,69.38,491.85,91.65,OK
00:38.0,10.45,69.38,653.85,91.65,OK
00:38.0,35.55,69.38,815.35,91.19,OK
00:38.0,85.9,69.38,996.75,91.19,OK
00:38.0,190.5,69.38,1180.3,91.19,OK
00:38.0,356.8,69.38,1358.6,91.19,OK
00:38.0,570.8,69.38,1509.4,91.19,OK
00:38.0,792.45,69.38,1644.85,91.19,OK
00:38.0,1017.85,69.38,1751.8,91.19,OK
00:38.0,1202.4,52.34,1830.15,91.19,OK
00:38.1,1334.2,52.34,1894.1,91.19,OK
00:38.1,1418.2,52.34,1917.25,91.19,OK
00:38.1,1484.85,52.34,1906.9,91.19,OK
00:38.1,1538.4,52.34,1876.7,91.19,OK
00:38.1,1607.6,52.34,1811.15,91.19,OK
00:38.1,1672.2,52.34,1746.9,91.19,OK
00:38.1,1748.1,52.34,1670.45,91.19,OK
00:38.1,1812.35,52.34,1607.55,91.19,OK
00:38.1,1877.35,52.34,1541.5,91.19,OK
00:38.1,1920.65,52.34,1451.8,91.19,OK
00:38.2,1941.85,52.34,1372.05,91.19,OK
00:38.2,1941.15,52.34,1205.3,91.19,OK
00:38.2,1923.8,52.34,1049.05,91.19,OK
00:38.2,1833.7,52.34,904.9,91.19,OK
00:38.2,1639.35,52.34,773.6,91.19,OK
00:38.2,1454.3,52.34,655.55,91.19,OK
00:38.2,1281.55,52.34,550,91.19,OK
00:38.2,1122.15,52.34,456.8,91.19,OK
00:38.2,977,52.34,375.1,91.19,OK
00:38.2,759.2,52.34,304,91.19,OK
00:38.3,466.4,52.34,243.3,91.19,OK
00:38.3,199.25,52.34,191.4,91.19,OK
00:38.3,-88.7,52.34,147,91.19,OK
00:38.3,-371,52.34,109.45,91.19,OK
00:38.3,-645.7,52.34,77.25,91.19,OK
00:38.3,-923.25,52.34,50.75,91.19,OK
00:38.3,-1211.7,52.34,29.5,91.19,OK
00:38.3,-1533.95,52.34,14.25,91.19,OK
00:38.3,-1862.5,52.34,4.85,91.19,OK
00:38.3,-2158,52.34,0,91.19,OK
00:38.4,-2390.75,52.34,0,91.19,OK
00:38.4,-2539.35,52.34,0,91.19,OK
00:38.4,-2584.4,52.34,0,91.19,OK
00:38.4,-2578.2,52.34,0,91.19,OK
00:38.4,-2444.45,52.34,0,91.19,OK
00:38.4,-2239.7,52.34,0,91.19,OK
00:38.4,-2034.95,52.34,0,91.19,OK
00:38.4,-1830.2,52.34,0,91.19,OK
00:38.4,-1625.45,52.34,0,91.19,OK
00:38.5,-1425.2,52.34,0,91.19,OK
00:38.5,-1234.2,52.34,0,91.19,OK
00:38.5,-1052.05,52.34,0,91.19,OK
00:38.5,-880.75,67.06,-46.55,91.19,OK
00:38.5,-721,67.06,-142.9,91.19,OK
00:38.5,-573.5,67.06,-230.25,91.19,OK
00:38.5,-439.55,67.06,-321.15,91.19,OK
00:38.5,-321,67.06,-393.3,91.19,OK
00:38.5,-221,67.06,-467.35,91.19,OK
00:38.5,-141.45,67.06,-520.15,91.19,OK
00:38.5,-82.25,67.06,-563,91.19,OK
00:38.6,-41.7,67.06,-570.55,91.19,OK
00:38.6,-16.85,67.06,-574.85,91.19,OK
00:38.6,-3.55,67.06,-558.85,91.19,OK
00:38.6,0,67.06,-530.15,91.19,OK
00:38.6,0,67.06,-506.45,91.19,OK
00:38.6,0,67.06,-467.5,91.19,OK
00:38.6,0,67.06,-436.85,91.19,OK
00:38.6,0,67.06,-378.9,91.19,OK
00:38.6,0,67.06,-316.9,91.19,OK
00:38.6,0,67.06,-232.1,91.19,OK
00:38.7,0,67.06,-145.7,91.19,OK
00:38.7,0,67.06,-65.5,91.19,OK
00:38.7,0,67.06,27.15,92.33,OK
00:38.7,0,67.06,101.05,92.33,OK
00:38.7,0,67.06,205.4,92.33,OK
00:38.7,0,67.06,283.6,92.33,OK
00:38.7,0,67.06,358.1,92.33,OK
00:38.7,0,67.06,441.6,92.33,OK
00:38.7,0,67.06,488.4,92.33,OK
00:38.8,0,67.06,568.65,92.33,OK
00:38.8,0,67.06,618.2,92.33,OK
00:38.8,0,67.06,577.5,92.33,OK
00:38.8,0,67.06,535.5,92.33,OK
00:38.8,0,67.06,492.8,92.33,OK
00:38.8,0,67.06,449.1,92.33,OK
00:38.8,0,67.06,405.15,92.33,OK
00:38.8,0,67.06,360.5,92.33,OK
00:38.8,0,67.06,316.55,92.33,OK
00:38.8,0,67.06,273.55,92.33,OK
00:38.9,0,67.06,232.75,92.33,OK
00:38.9,0,67.06,194.35,92.33,OK
00:38.9,0,67.06,158.15,92.33,OK
00:38.9,0,67.06,125.05,92.33,OK
00:38.9,76,67.06,94.5,92.33,OK
00:38.9,207.85,67.06,68.5,92.33,OK
00:38.9,373.4,67.06,46.2,92.33,OK
00:38.9,606.6,67.06,27.85,92.33,OK
00:38.9,980.35,67.06,14.4,92.33,OK
00:38.9,1431.45,67.06,4.4,92.33,OK
00:39.0,1852.1,84.26,0,92.33,OK
00:39.0,2208.3,84.26,0,92.33,OK
00:39.0,2485.9,84.26,0,92.33,OK
00:39.0,2706.75,84.26,0,92.33,OK
00:39.0,2900.25,84.26,0,92.33,OK
00:39.0,2920.5,84.26,0,92.33,OK
00:39.0,2715.75,84.26,0,92.33,OK
00:39.0,2511,84.26,0,92.33,OK
00:39.0,2306.25,84.26,0,92.33,OK
00:39.0,2101.5,84.26,0,92.33,OK
00:39.0,1896.75,84.26,0,92.33,OK
00:39.1,1692,84.26,0,92.33,OK
00:39.1,1487.25,84.26,0,92.33,OK
00:39.1,1282.5,84.26,0,92.33,OK
00:39.1,1081.75,84.26,0,92.33,OK
00:39.1,888.15,84.26,0,92.33,OK
00:39.1,703.85,84.26,0,92.33,OK
00:39.1,532.9,84.26,0,92.33,OK
00:39.1,383.4,84.26,0,92.33,OK
00:39.1,260.55,84.26,0,92.33,OK
00:39.1,164.15,84.26,-72.2,92.33,OK
00:39.2,92.2,84.26,-102.6,92.33,OK
00:39.2,41.85,84.26,-169.2,92.33,OK
00:39.2,11.25,84.26,-235.8,92.33,OK
00:39.2,0,84.26,-284.15,92.33,OK
00:39.2,0,84.26,-365.35,92.33,OK
00:39.2,0,84.26,-415.75,92.33,OK
00:39.2,0,84.26,-447.15,92.33,OK
00:39.2,0,84.26,-475.55,92.33,OK
00:39.2,0,84.26,-501.9,92.33,OK
00:39.2,0,84.26,-527.1,92.33,OK
00:39.3,0,84.26,-538.7,92.33,OK
00:39.3,0,84.26,-553.4,92.33,OK
00:39.3,0,84.26,-561.4,92.33,OK
00:39.3,0,84.26,-568.6,92.33,OK
00:39.3,0,84.26,-579.65,92.33,OK
00:39.3,0,84.26,-578.05,92.33,OK
00:39.3,0,84.26,-564.3,92.33,OK
00:39.3,0,84.26,-550.3,92.33,OK
00:39.3,0,84.26,-521.7,92.33,OK
00:39.3,0,84.26,-502.9,92.33,OK
00:39.4,0,84.26,-478.2,92.33,OK
00:39.4,0,84.26,-459.4,92.33,OK
00:39.4,0,84.26,-444.6,92.33,OK
00:39.4,0,84.26,-418.7,92.33,OK
00:39.4,0,84.26,-392.8,92.33,OK
00:39.4,0,84.26,-372.4,92.33,OK
00:39.4,0,84.26,-347.05,89.8,OK
00:39.4,0,84.26,-321.85,89.8,OK
00:39.4,0,84.26,-293.15,89.8,OK
00:39.4,0,84.26,-303.15,89.8,OK
00:39.5,0,84.26,-266.75,89.8,OK
00:39.5,0,84.26,-207.6,89.8,OK
00:39.5,0,84.26,-203.8,89.8,OK
00:39.5,0,84.26,-178.65,89.8,OK
00:39.5,0,84.26,-170.75,89.8,OK
00:39.5,0,84.26,-160.8,89.8,OK
00:39.5,0,84.26,-134.25,89.8,OK
00:39.5,0,84.26,-128.25,89.8,OK
00:39.5,0,84.26,-95.6,89.8,OK
00:39.5,0,84.26,-62.85,89.8,OK
00:39.6,0,84.26,-39.35,89.8,OK
00:39.6,0,84.26,-0.25,89.8,OK
00:39.6,0,84.26,24.9,89.8,OK
00:39.6,0,84.26,30.65,89.8,OK
00:39.6,0,84.26,33.3,89.8,OK
00:39.6,0,84.26,10,89.8,OK
00:39.6,0,84.26,-17.65,89.8,OK
00:39.6,0,84.26,-44.55,89.8,OK
00:39.6,0,84.26,-76.1,89.8,OK
00:39.7,0,84.26,-118.65,89.8,OK
00:39.7,0,84.26,-152.1,89.8,OK
00:39.7,0,84.26,-169.75,89.8,OK
00:39.7,0,84.26,-191.1,89.8,OK
00:39.7,0,84.26,-216.65,89.8,OK
00:39.7,0,84.26,-227.85,89.8,OK
00:39.7,0,84.26,-226.15,89.8,OK
00:39.7,0,84.26,-216,89.8,OK
00:39.7,0,84.26,-208.25,89.8,OK
00:39.7,0,84.26,-192.8,89.8,OK
00:39.8,0,84.26,-178.4,89.8,OK
00:39.8,0,84.26,-171,89.8,OK
00:39.8,0,84.26,-162.6,89.8,OK
00:39.8,0,84.26,-155.6,89.8,OK
00:39.8,0,84.26,-149.8,89.8,OK
00:39.8,0,84.26,-160.4,89.8,OK
00:39.8,0,84.26,-167.85,89.8,OK
00:39.8,0,84.26,-171.6,89.8,OK
00:39.8,0,84.26,-174.7,89.8,OK
00:39.8,0,84.26,-175.6,89.8,OK
00:39.8,0,84.26,-180.7,89.8,OK
00:39.9,0,84.26,-180,89.8,OK
00:39.9,0,84.26,-186.5,89.8,OK
00:39.9,0,84.26,-182.95,89.8,OK
00:39.9,0,84.26,-174,89.8,OK
00:39.9,0,84.26,-183.05,89.8,OK
00:39.9,0,84.26,-179.1,89.8,OK
00:39.9,0,84.26,-170.95,89.8,OK
00:39.9,0,84.26,-157,89.8,OK
00:39.9,0,84.26,-159.05,89.8,OK
00:39.9,0,84.26,-164,89.8,OK
00:40.0,0,84.26,-163.5,89.8,OK
00:40.0,0,84.26,-167.35,89.8,OK
00:40.0,0,84.26,-177.35,89.8,OK
00:40.0,0,84.26,-179.95,89.8,OK
00:40.0,0,84.26,-170.7,89.8,OK
00:40.0,0,84.26,-167.2,89.8,OK
00:40.0,0,84.26,-162.35,89.8,OK
00:40.0,0,84.26,-165.7,89.8,OK
00:40.0,0,84.26,-178.6,89.8,OK
00:40.1,0,84.26,-163.65,89.8,OK
00:40.1,0,84.26,-168.5,89.8,OK
00:40.1,0,84.26,-159.25,89.8,OK
00:40.1,0,84.26,-157.95,89.8,OK
00:40.1,0,84.26,-148.65,89.8,OK
00:40.1,0,84.26,-128.85,89.8,OK
00:40.1,0,84.26,-117.5,89.8,OK
00:40.1,0,84.26,-109.25,89.8,OK
00:40.1,0,84.26,-98.9,89.8,OK
00:40.1,0,84.26,-84.55,89.8,OK
00:40.1,0,84.26,-64.75,89.8,OK
00:40.2,0,84.26,-59.55,89.8,OK
00:40.2,0,84.26,-49.5,89.8,OK
00:40.2,0,84.26,-44.75,89.8,OK
00:40.2,0,84.26,-39.05,89.8,OK
00:40.2,0,84.26,-30.9,89.8,OK
00:40.2,0,84.26,-9.3,89.8,OK
00:40.2,0,84.26,26.05,89.8,OK
00:40.2,0,84.26,75.85,89.8,OK
00:40.2,0,84.26,117.8,89.8,OK
00:40.2,0,84.26,159.25,89.8,OK
00:40.3,0,84.26,201.95,89.8,OK
00:40.3,0,84.26,254,90.58,OK
00:40.3,0,84.26,279.2,90.58,OK
00:40.3,-5.7,84.26,303.85,90.58,OK
00:40.3,-44.35,84.26,328.45,90.58,OK
00:40.3,-70.5,84.26,347.75,90.58,OK
00:40.3,-99.9,84.26,378.85,90.58,OK
00:40.3,-126.6,84.26,392.6,90.58,OK
