wall_time,elapsed_s,marker,beat_id,footL_idx,peakL_idx,footR_idx,peakR_idx,RT_L_ms,RT_R_ms,DeltaRT_ms,AUSP_L,AUSP_R,AUSPR,DeltaTD_ms,HSI,risk,baseL,baseR,alpha_used,auto_baseline_active,Amp_L,Amp_R,AmpRatio,AmpNorm_L,AmpNorm_R,AmpRatio_norm,dir_amp
2025-10-28T21:50:11,14.265,none,1,7,14,7,14,140.0,140.0,0.0,0.083600,0.133454,1.596342,0.0,1.783,WARN,23.1929,45.1912,0.10,1,88.161503,192.598288,2.184608,,,,L↓
2025-10-28T21:50:12,15.609,none,2,73,80,73,80,140.0,140.0,0.0,0.108732,0.070535,1.122526,0.0,0.441,OK,11.6730,21.8690,0.10,1,89.963895,203.512247,2.262155,,,,L↓
2025-10-28T21:50:13,16.265,none,3,107,114,105,112,140.0,140.0,0.0,0.339583,0.263260,0.775244,40.0,0.970,OK,17.7879,31.6146,0.10,1,121.888000,267.952000,2.198346,,,,L↓
2025-10-28T21:50:13,16.937,none,4,139,146,138,145,140.0,140.0,0.0,0.167100,0.257674,1.158641,20.0,0.561,OK,21.0158,41.8666,0.10,1,139.544000,263.576000,1.888838,,,,L↓
2025-10-28T21:50:14,17.593,none,5,172,179,172,179,140.0,140.0,0.0,0.098335,0.099992,1.016845,0.0,0.064,OK,21.5032,41.4883,0.10,1,110.485333,235.162667,2.128451,,,,L↓
2025-10-28T21:50:15,18.968,none,6,242,249,242,249,140.0,140.0,0.0,0.040595,0.090420,1.016845,0.0,0.064,OK,17.2503,35.3302,0.10,1,117.584000,240.709333,2.047127,1.031125,1.011656,0.981118,BAL
2025-10-28T21:50:17,20.343,none,7,310,317,309,316,140.0,140.0,0.0,0.076935,0.115248,1.497993,20.0,1.540,WARN,15.0493,32.5724,0.10,1,131.941333,214.786667,1.627895,1.122103,0.913354,0.813966,BAL
2025-10-28T21:50:17,21.015,none,8,343,350,343,350,140.0,140.0,0.0,0.306517,0.159713,1.497993,0.0,1.540,WARN,18.1367,33.0727,0.10,1,140.448000,257.370667,1.832498,1.172981,1.081680,0.922164,BAL
2025-10-28T21:50:18,21.734,none,9,380,387,378,385,140.0,140.0,0.0,0.222030,0.247178,1.113262,40.0,0.409,OK,20.2515,34.4838,0.10,1,131.992000,225.408000,1.707740,1.082896,0.958519,0.885145,BAL
2025-10-28T21:50:20,23.109,none,10,447,454,447,454,140.0,140.0,0.0,0.221501,0.042253,1.113262,0.0,0.409,OK,20.5175,34.5295,0.10,0,137.546667,214.608000,1.560256,1.128468,0.912594,0.808702,BAL
2025-10-28T21:50:20,23.765,none,11,481,488,481,488,140.0,140.0,0.0,0.072966,0.130850,1.113262,0.0,0.409,OK,20.5175,34.5295,0.10,0,100.877333,203.378667,2.016099,0.827623,0.864842,1.044971,BAL
2025-10-28T21:50:21,24.422,none,12,513,520,513,520,140.0,140.0,0.0,0.077994,0.182754,1.113262,0.0,0.409,OK,20.5175,34.5295,0.10,0,97.381333,262.792000,2.698587,0.798941,1.117490,1.398714,L↓
2025-10-28T21:50:22,25.750,none,13,580,587,581,588,140.0,140.0,0.0,0.161793,0.177326,1.113262,20.0,0.409,OK,20.5175,34.5295,0.10,0,164.794667,223.202667,1.354429,1.352017,0.949142,0.702019,R↓
2025-10-28T21:50:23,26.406,none,14,614,621,614,621,140.0,140.0,0.0,0.133543,0.167939,1.257571,0.0,0.874,OK,20.5175,34.5295,0.10,0,104.021333,260.642667,2.505666,0.853417,1.108351,1.298720,BAL
2025-10-28T21:50:24,27.125,none,15,646,653,647,654,140.0,140.0,0.0,0.092958,0.079066,1.257571,20.0,0.874,OK,20.5175,34.5295,0.10,0,104.746667,219.616000,2.096640,0.859368,0.933890,1.086717,BAL
2025-10-28T21:50:24,27.734,none,16,678,685,679,686,140.0,140.0,0.0,0.076286,0.129553,1.257571,20.0,0.874,OK,20.5175,34.5295,0.10,0,106.984000,260.818667,2.437922,0.877724,1.109099,1.263608,BAL
2025-10-28T21:50:25,28.390,none,17,710,717,711,718,140.0,140.0,0.0,0.060509,0.152730,1.257571,20.0,0.874,OK,20.5175,34.5295,0.10,0,102.632000,259.834667,2.531712,0.842019,1.104915,1.312221,L↓
2025-10-28T21:50:25,28.984,none,18,743,750,743,750,140.0,140.0,0.0,0.175765,0.134298,1.257571,0.0,0.874,OK,20.5175,34.5295,0.10,0,104.066667,276.232000,2.654375,0.853789,1.174642,1.375799,L↓
2025-10-28T21:50:26,29.656,none,19,776,783,776,783,140.0,140.0,0.0,0.121470,0.260355,1.698252,0.0,2.019,WARN,20.5175,34.5295,0.10,0,119.098667,277.336000,2.328624,0.977116,1.179337,1.206957,BAL
2025-10-28T21:50:27,30.359,none,20,810,817,810,817,140.0,140.0,0.0,0.061663,0.182654,2.000000,0.0,2.642,WARN,20.5175,34.5295,0.10,0,105.786667,271.058667,2.562314,0.867901,1.152643,1.328082,L↓
2025-10-28T21:50:30,33.125,none,21,948,955,945,952,140.0,140.0,0.0,0.222677,0.086247,2.000000,60.0,3.442,HIGH,20.5175,34.5295,0.10,0,89.112000,228.157333,2.560344,0.731097,0.970211,1.327061,L↓
2025-10-28T21:50:30,33.734,none,22,979,986,979,986,140.0,140.0,0.0,0.089352,0.203679,2.000000,0.0,2.642,WARN,20.5175,34.5295,0.10,0,109.845333,271.565333,2.472252,0.901199,1.154798,1.281402,BAL
2025-10-28T21:50:31,34.453,none,23,1014,1021,1014,1021,140.0,140.0,0.0,0.150387,0.176796,2.000000,0.0,2.642,WARN,20.5175,34.5295,0.10,0,69.365333,248.653333,3.584692,0.569091,1.057367,1.857994,L↓
2025-10-28T21:50:32,35.109,none,24,1049,1056,1049,1056,140.0,140.0,0.0,0.076815,0.092028,1.198039,0.0,0.689,OK,20.5175,34.5295,0.10,0,82.760000,208.976000,2.525085,0.678984,0.888644,1.308786,L↓
2025-10-28T21:50:32,35.828,none,25,1085,1092,1083,1090,140.0,140.0,0.0,0.055920,0.156061,1.198039,40.0,0.689,OK,20.5175,34.5295,0.10,0,126.272000,215.594667,1.707383,1.035967,0.916790,0.884960,BAL
2025-10-28T21:50:33,36.484,none,26,1116,1123,1117,1124,140.0,140.0,0.0,0.128051,0.125172,1.198039,20.0,0.689,OK,20.5175,34.5295,0.10,0,92.837333,199.045333,2.144023,0.761661,0.846416,1.111276,BAL
2025-10-28T21:50:34,37.203,none,27,1151,1158,1150,1157,140.0,140.0,0.0,0.058251,0.281189,1.198039,20.0,0.689,OK,20.5175,34.5295,0.10,0,134.578667,210.280000,1.562506,1.104117,0.894190,0.809868,BAL
2025-10-28T21:50:34,37.859,none,28,1185,1192,1184,1191,140.0,140.0,0.0,0.197408,0.119346,1.198039,20.0,0.689,OK,20.5175,34.5295,0.10,0,120.949333,237.800000,1.966113,0.992299,1.011215,1.019063,BAL
2025-10-28T21:50:35,38.531,none,29,1219,1226,1219,1226,140.0,140.0,0.0,0.098295,0.130291,1.325509,0.0,1.074,OK,20.5175,34.5295,0.10,0,79.234667,241.418667,3.046882,0.650061,1.026603,1.579240,L↓
2025-10-28T21:50:36,39.250,none,30,1254,1261,1253,1260,140.0,140.0,0.0,0.102645,0.143630,1.325509,20.0,1.074,OK,20.5175,34.5295,0.10,0,129.794667,213.008000,1.641115,1.064868,0.905790,0.850612,BAL
2025-10-28T21:50:36,39.906,none,31,1288,1295,1288,1295,140.0,140.0,0.0,0.138132,0.117509,1.325509,0.0,1.074,OK,20.5175,34.5295,0.10,0,105.293333,235.050667,2.232341,0.863853,0.999524,1.157053,BAL
2025-10-28T21:50:37,40.562,none,32,1321,1328,1321,1328,140.0,140.0,0.0,0.057994,0.073336,1.264544,0.0,0.895,OK,20.5175,34.5295,0.10,0,85.928000,216.949333,2.524780,0.704975,0.922550,1.308628,L↓
2025-10-28T21:50:38,41.234,none,33,1355,1362,1354,1361,140.0,140.0,0.0,0.074917,0.154053,1.325509,20.0,1.074,OK,20.5175,34.5295,0.10,0,97.760000,247.096000,2.527578,0.802048,1.050745,1.310078,L↓
2025-10-28T21:50:38,41.953,none,34,1387,1394,1388,1395,140.0,140.0,0.0,0.100002,0.260509,1.399280,20.0,1.281,OK,20.5175,34.5295,0.10,0,107.226667,248.480000,2.317334,0.879715,1.056630,1.201106,BAL
2025-10-28T21:50:39,42.609,none,35,1422,1429,1421,1428,140.0,140.0,0.0,0.137921,0.161831,1.264544,20.0,0.895,OK,20.5175,34.5295,0.10,0,106.864000,262.981333,2.460897,0.876739,1.118295,1.275516,BAL
2025-10-28T21:50:41,44.640,none,36,1523,1530,1523,1530,140.0,140.0,0.0,0.075821,0.052868,1.264544,0.0,0.895,OK,20.5175,34.5295,0.10,0,132.837333,193.338667,1.455454,1.089831,0.822149,0.754382,R↓
2025-10-28T21:50:42,45.312,none,37,1556,1563,1557,1564,140.0,140.0,0.0,0.109492,0.161100,1.471341,20.0,1.472,OK,20.5175,34.5295,0.10,0,96.221333,289.448000,3.008148,0.789424,1.230842,1.559164,L↓
2025-10-28T21:50:42,45.968,none,38,1590,1597,1590,1597,140.0,140.0,0.0,0.155250,0.197032,1.269126,0.0,0.908,OK,20.5175,34.5295,0.10,0,130.901333,303.146667,2.315841,1.073948,1.289094,1.200332,BAL
2025-10-28T21:50:43,46.625,none,39,1624,1631,1624,1631,140.0,140.0,0.0,0.050668,0.150479,1.269126,0.0,0.908,OK,20.5175,34.5295,0.10,0,123.042667,285.090667,2.317007,1.009473,1.212313,1.200936,BAL
2025-10-28T21:50:44,48.015,none,40,1694,1701,1692,1699,140.0,140.0,0.0,0.227022,0.017297,1.269126,40.0,0.908,OK,20.5175,34.5295,0.10,0,123.120000,228.898667,1.859151,1.010108,0.973363,0.963623,BAL
2025-10-28T21:50:46,49.328,none,41,1760,1767,1760,1767,140.0,140.0,0.0,0.271290,0.201227,1.269126,0.0,0.908,OK,20.5175,34.5295,0.10,0,142.810667,249.738667,1.748740,1.171655,1.061983,0.906395,BAL
2025-10-28T21:50:47,50.703,none,42,1828,1835,1827,1834,140.0,140.0,0.0,0.469539,0.098161,0.741743,20.0,1.139,OK,20.5175,34.5295,0.10,0,86.805333,253.336000,2.918438,0.712173,1.077280,1.512666,L↓
2025-10-28T21:50:49,52.750,none,43,1930,1937,1929,1936,140.0,140.0,0.0,0.037179,0.074026,0.741743,20.0,1.139,OK,20.5175,34.5295,0.10,0,106.517333,196.762667,1.847236,0.873895,0.836709,0.957448,BAL
2025-10-28T21:50:50,53.406,none,44,1962,1969,1962,1969,140.0,140.0,0.0,0.289387,0.107284,0.500000,0.0,2.642,WARN,20.5175,34.5295,0.10,0,112.384000,207.290667,1.844486,0.922027,0.881478,0.956022,BAL
2025-10-28T21:50:51,54.062,none,45,1997,2004,1995,2002,140.0,140.0,0.0,0.725258,0.309142,0.500000,40.0,2.642,WARN,20.5175,34.5295,0.10,0,85.394667,245.032000,2.869406,0.700599,1.041968,1.487252,L↓
2025-10-28T21:50:51,54.734,none,46,2029,2036,2030,2037,140.0,140.0,0.0,1.093318,0.052509,0.500000,20.0,2.642,WARN,20.5175,34.5295,0.10,0,272.325333,110.698667,0.406494,2.234226,0.470732,0.210691,R↓
2025-10-28T21:50:53,56.890,none,47,2136,2143,2132,2139,140.0,140.0,0.0,0.380740,0.088279,0.500000,80.0,4.242,HIGH,20.5175,34.5295,0.10,0,76.237333,177.218667,2.324565,0.625470,0.753600,1.204854,BAL
2025-10-28T21:50:54,57.484,none,48,2166,2173,2165,2172,140.0,140.0,0.0,0.095613,0.138374,0.500000,20.0,2.642,WARN,20.5175,34.5295,0.10,0,86.402667,181.821333,2.104349,0.708869,0.773173,1.090712,BAL
2025-10-28T21:50:55,58.875,none,49,2237,2244,2235,2242,140.0,140.0,0.0,0.213852,0.268960,0.500000,40.0,2.642,WARN,20.5175,34.5295,0.10,0,88.056000,241.413333,2.741589,0.722434,1.026580,1.421003,L↓
2025-10-28T21:50:56,59.593,none,50,2271,2278,2270,2277,140.0,140.0,0.0,0.161463,0.099267,0.614793,20.0,1.854,WARN,20.5175,34.5295,0.10,0,123.653333,240.576000,1.945568,1.014483,1.023020,1.008414,BAL
2025-10-28T21:50:59,62.297,none,51,2408,2415,2406,2413,140.0,140.0,0.0,0.633147,0.047718,0.614793,40.0,1.854,WARN,20.5175,34.5295,0.10,0,69.888000,197.714667,2.829022,0.573379,0.840757,1.466320,L↓
2025-10-28T21:51:01,64.984,none,52,2541,2548,2539,2546,140.0,140.0,0.0,0.290887,0.197470,0.678856,40.0,1.476,OK,20.5175,34.5295,0.10,0,92.461333,268.104000,2.899634,0.758576,1.140079,1.502919,L↓
2025-10-28T21:51:03,66.359,none,53,2610,2617,2607,2614,140.0,140.0,0.0,0.150531,0.117110,0.678856,60.0,2.276,WARN,20.5175,34.5295,0.10,0,38.632000,261.648000,6.772831,0.316947,1.112626,3.510450,L↓
2025-10-28T21:51:05,68.343,none,54,2709,2716,2708,2715,140.0,140.0,0.0,0.085823,0.137375,0.678856,20.0,1.476,OK,20.5175,34.5295,0.10,0,105.690667,240.890667,2.279205,0.867113,1.024358,1.181343,BAL
2025-10-28T21:51:06,69.718,none,55,2778,2785,2776,2783,140.0,140.0,0.0,0.150751,0.109381,0.725568,40.0,1.223,OK,20.5175,34.5295,0.10,0,94.480000,230.090667,2.435337,0.775138,0.978432,1.262268,BAL
2025-10-28T21:51:07,70.453,none,56,2813,2820,2811,2818,140.0,140.0,0.0,0.166604,0.053927,0.725568,40.0,1.223,OK,20.5175,34.5295,0.10,0,93.450667,196.744000,2.105325,0.766693,0.836629,1.091218,BAL
2025-10-28T21:51:08,71.765,none,57,2880,2887,2880,2887,140.0,140.0,0.0,0.076279,0.094959,0.777981,0.0,0.957,OK,20.5175,34.5295,0.10,0,82.498667,213.581333,2.588906,0.676840,0.908228,1.341865,L↓
2025-10-28T21:51:09,72.547,none,58,2916,2923,2913,2920,140.0,140.0,0.0,0.347394,0.171480,0.725568,60.0,2.023,WARN,20.5175,34.5295,0.10,0,142.621333,219.592000,1.539686,1.170102,0.933788,0.798040,BAL
2025-10-28T21:51:10,73.203,none,59,2952,2959,2949,2956,140.0,140.0,0.0,0.256276,0.242325,0.725568,60.0,2.023,WARN,20.5175,34.5295,0.10,0,69.549333,223.096000,3.207737,0.570600,0.948688,1.662614,L↓
2025-10-28T21:51:11,74.640,none,60,3025,3032,3021,3028,140.0,140.0,0.0,0.148707,0.074716,0.502441,80.0,4.223,HIGH,20.5175,34.5295,0.10,0,86.448000,167.325333,1.935560,0.709241,0.711530,1.003227,BAL
2025-10-28T21:51:13,76.687,none,61,3127,3134,3126,3133,140.0,140.0,0.0,0.516364,0.229849,0.502441,20.0,2.623,WARN,20.5175,34.5295,0.10,0,96.189333,256.890667,2.670677,0.789162,1.092396,1.384248,L↓
2025-10-28T21:51:14,77.343,none,62,3161,3168,3159,3166,140.0,140.0,0.0,0.177972,0.166494,0.502441,40.0,2.623,WARN,20.5175,34.5295,0.10,0,66.389333,273.656000,4.121987,0.544675,1.163688,2.136482,L↓
2025-10-28T21:51:15,78.062,none,63,3195,3202,3195,3202,140.0,140.0,0.0,0.062953,0.146886,0.935504,0.0,0.254,OK,20.5175,34.5295,0.10,0,116.250667,167.773333,1.443203,0.953750,0.713435,0.748032,R↓
2025-10-28T21:51:17,80.109,none,64,3298,3305,3297,3304,140.0,140.0,0.0,0.192762,0.024228,0.502441,20.0,2.623,WARN,20.5175,34.5295,0.10,0,112.376000,230.333333,2.049667,0.921961,0.979464,1.062370,BAL
2025-10-28T21:51:18,81.484,none,65,3368,3375,3366,3373,140.0,140.0,0.0,0.129130,0.195580,0.935504,40.0,0.254,OK,20.5175,34.5295,0.10,0,123.162667,215.594667,1.750487,1.010458,0.916790,0.907301,BAL
2025-10-28T21:51:19,82.922,none,66,3438,3445,3435,3442,140.0,140.0,0.0,0.069822,0.094287,1.350384,60.0,1.945,WARN,20.5175,34.5295,0.10,0,132.973333,233.381333,1.755099,1.090947,0.992425,0.909691,BAL
2025-10-28T21:51:20,83.593,none,67,3472,3479,3470,3477,140.0,140.0,0.0,0.131489,0.062814,1.350384,40.0,1.145,OK,20.5175,34.5295,0.10,0,162.637333,191.293333,1.176196,1.334318,0.813451,0.609638,R↓
2025-10-28T21:51:21,84.187,none,68,3503,3510,3503,3510,140.0,140.0,0.0,0.057084,0.085304,1.350384,0.0,1.145,OK,20.5175,34.5295,0.10,0,107.394667,257.296000,2.395799,0.881093,1.094119,1.241775,BAL
2025-10-28T21:51:21,84.968,none,69,3540,3547,3537,3544,140.0,140.0,0.0,0.769028,0.318905,1.350384,60.0,1.945,WARN,20.5175,34.5295,0.10,0,94.381333,277.824000,2.943633,0.774328,1.181412,1.525725,L↓
2025-10-28T21:51:23,86.343,none,70,3607,3614,3605,3612,140.0,140.0,0.0,0.062247,0.099807,1.350384,40.0,1.145,OK,20.5175,34.5295,0.10,0,168.333333,289.432000,1.719398,1.381049,1.230774,0.891187,BAL
2025-10-28T21:51:23,87.015,none,71,3642,3649,3640,3647,140.0,140.0,0.0,0.067710,0.092124,1.360565,40.0,1.174,OK,20.5175,34.5295,0.10,0,179.106667,270.605333,1.510861,1.469436,1.150716,0.783100,BAL
2025-10-28T21:51:24,87.781,none,72,3677,3684,3675,3682,140.0,140.0,0.0,0.030804,0.071053,1.494366,40.0,1.531,WARN,20.5175,34.5295,0.10,0,187.589333,246.813333,1.315711,1.539030,1.049543,0.681951,R↓
2025-10-28T21:51:25,88.453,none,73,3711,3718,3708,3715,140.0,140.0,0.0,0.244606,0.084375,1.360565,60.0,1.974,WARN,20.5175,34.5295,0.10,0,158.325333,224.520000,1.418093,1.298941,0.954743,0.735017,R↓
2025-10-28T21:51:25,89.047,none,74,3745,3752,3743,3750,140.0,140.0,0.0,0.824433,0.112868,1.360565,40.0,1.174,OK,20.5175,34.5295,0.10,0,168.120000,260.893333,1.551828,1.379299,1.109416,0.804334,BAL
2025-10-28T21:51:26,89.765,none,75,3780,3787,3777,3784,140.0,140.0,0.0,0.435763,0.236134,0.541886,60.0,3.135,HIGH,20.5175,34.5295,0.10,0,147.850667,307.341333,2.078728,1.213004,1.306931,1.077433,BAL
2025-10-28T21:51:28,91.859,none,76,3885,3892,3881,3888,140.0,140.0,0.0,0.490425,0.053706,0.500000,80.0,4.242,HIGH,20.5175,34.5295,0.10,0,138.021333,190.397333,1.379478,1.132362,0.809641,0.715002,R↓
2025-10-28T21:51:29,92.468,none,77,3916,3923,3915,3922,140.0,140.0,0.0,0.507212,0.133920,0.500000,20.0,2.642,WARN,20.5175,34.5295,0.10,0,145.576000,296.962667,2.039915,1.194342,1.262797,1.057316,BAL
2025-10-28T21:51:30,93.250,none,78,3954,3961,3949,3956,140.0,140.0,0.0,0.184189,0.354697,0.500000,100.0,5.042,HIGH,20.5175,34.5295,0.10,0,64.954667,287.978667,4.433533,0.532905,1.224593,2.297960,L↓
2025-10-28T21:51:30,93.906,none,79,3987,3994,3984,3991,140.0,140.0,0.0,0.204011,0.246479,0.541886,60.0,3.135,HIGH,20.5175,34.5295,0.10,0,129.328000,289.576000,2.239082,1.061040,1.231386,1.160547,BAL
2025-10-28T21:51:31,94.562,none,80,4022,4029,4018,4025,140.0,140.0,0.0,0.193633,0.082764,0.500000,80.0,4.242,HIGH,20.5175,34.5295,0.10,0,154.248000,241.736000,1.567190,1.265490,1.027952,0.812296,BAL
2025-10-28T21:51:32,95.234,none,81,4055,4062,4055,4062,140.0,140.0,0.0,0.173097,0.031776,0.500000,0.0,2.642,WARN,20.5175,34.5295,0.10,0,186.538667,225.293333,1.207757,1.530410,0.958032,0.625997,R↓
2025-10-28T21:51:32,95.953,none,82,4090,4097,4088,4095,140.0,140.0,0.0,0.139505,0.074906,0.536941,40.0,2.370,WARN,20.5175,34.5295,0.10,0,133.794667,235.520000,1.760309,1.097685,1.001520,0.912392,BAL
2025-10-28T21:51:33,96.672,none,83,4124,4131,4122,4129,140.0,140.0,0.0,0.547318,0.254634,0.500000,40.0,2.642,WARN,20.5175,34.5295,0.10,0,133.933333,343.296000,2.563186,1.098823,1.459824,1.328534,L↓
2025-10-28T21:51:34,97.390,none,84,4161,4168,4157,4164,140.0,140.0,0.0,0.201854,0.284485,0.500000,80.0,4.242,HIGH,20.5175,34.5295,0.10,0,92.205333,278.922667,3.025017,0.756476,1.186084,1.567907,L↓
2025-10-28T21:51:34,98.047,none,85,4194,4201,4191,4198,140.0,140.0,0.0,0.172565,0.175514,0.536941,60.0,3.170,HIGH,20.5175,34.5295,0.10,0,167.893333,276.304000,1.645712,1.377439,1.174948,0.852995,BAL
2025-10-28T21:51:35,98.703,none,86,4227,4234,4227,4234,140.0,140.0,0.0,0.161277,0.121978,0.756324,0.0,1.064,OK,20.5175,34.5295,0.10,0,171.682667,208.776000,1.216058,1.408528,0.887794,0.630299,R↓
2025-10-28T21:51:36,99.422,none,87,4263,4270,4260,4267,140.0,140.0,0.0,0.212375,0.144109,0.756324,60.0,1.864,WARN,20.5175,34.5295,0.10,0,127.261333,244.666667,1.922553,1.044084,1.040415,0.996485,BAL
2025-10-28T21:51:37,100.078,none,88,4296,4303,4294,4301,140.0,140.0,0.0,0.093092,0.110306,1.017089,40.0,0.065,OK,20.5175,34.5295,0.10,0,118.090667,249.013333,2.108662,0.968846,1.058898,1.092948,BAL
2025-10-28T21:51:38,101.468,none,89,4363,4370,4360,4367,140.0,140.0,0.0,0.233104,0.136396,0.756324,60.0,1.864,WARN,20.5175,34.5295,0.10,0,125.282667,241.904000,1.930866,1.027851,1.028667,1.000794,BAL
2025-10-28T21:51:38,102.000,none,90,4393,4400,4392,4399,140.0,140.0,0.0,0.242762,0.183604,0.756312,20.0,1.065,OK,20.5175,34.5295,0.10,0,146.304000,284.581333,1.945137,1.200315,1.210147,1.008191,BAL
2025-10-28T21:51:39,102.672,none,91,4426,4433,4424,4431,140.0,140.0,0.0,0.337607,0.330377,0.756312,40.0,1.065,OK,20.5175,34.5295,0.10,0,186.914667,298.181333,1.595281,1.533495,1.267979,0.826856,BAL
2025-10-28T21:51:40,103.328,none,92,4458,4465,4456,4463,140.0,140.0,0.0,0.232823,0.220691,0.947891,40.0,0.204,OK,20.5175,34.5295,0.10,0,177.578667,299.861333,1.688611,1.456900,1.275123,0.875230,BAL
2025-10-28T21:51:40,103.984,none,93,4491,4498,4488,4495,140.0,140.0,0.0,0.158216,0.066743,0.756312,60.0,1.865,WARN,20.5175,34.5295,0.10,0,197.888000,263.218667,1.330140,1.623523,1.119305,0.689429,R↓
2025-10-28T21:51:41,104.593,none,94,4523,4530,4521,4528,140.0,140.0,0.0,0.068512,0.069484,0.947891,40.0,0.204,OK,20.5175,34.5295,0.10,0,201.648000,292.781333,1.451943,1.654371,1.245016,0.752562,R↓
2025-10-28T21:51:42,105.250,none,95,4555,4562,4554,4561,140.0,140.0,0.0,0.118582,0.186044,0.978585,20.0,0.083,OK,20.5175,34.5295,0.10,0,179.781333,317.136000,1.764010,1.474972,1.348581,0.914310,BAL
2025-10-28T21:51:42,105.968,none,96,4590,4597,4587,4594,140.0,140.0,0.0,0.404708,0.259519,0.947891,60.0,1.004,OK,20.5175,34.5295,0.10,0,202.058667,362.266667,1.792879,1.657740,1.540494,0.929273,BAL
2025-10-28T21:51:43,106.625,none,97,4624,4631,4622,4629,140.0,140.0,0.0,0.423500,0.335267,0.791657,40.0,0.890,OK,20.5175,34.5295,0.10,0,177.600000,333.773333,1.879354,1.457075,1.419330,0.974095,BAL
2025-10-28T21:51:44,107.281,none,98,4658,4665,4657,4664,140.0,140.0,0.0,0.084296,0.076029,0.901921,20.0,0.393,OK,20.5175,34.5295,0.10,0,177.213333,327.072000,1.845640,1.453903,1.390833,0.956620,BAL
2025-10-28T21:51:44,108.015,none,99,4694,4701,4692,4699,140.0,140.0,0.0,0.150428,0.065916,0.791657,40.0,0.890,OK,20.5175,34.5295,0.10,0,219.674667,307.776000,1.401054,1.802267,1.308779,0.726185,R↓
2025-10-28T21:51:45,108.718,none,100,4728,4735,4727,4734,140.0,140.0,0.0,0.233913,0.104473,0.641250,20.0,1.694,WARN,20.5175,34.5295,0.10,0,234.506667,300.024000,1.279384,1.923952,1.275815,0.663122,R↓
2025-10-28T21:51:46,109.390,none,101,4761,4768,4760,4767,140.0,140.0,0.0,0.180087,0.194753,0.791657,20.0,0.890,OK,20.5175,34.5295,0.10,0,166.650667,314.706667,1.888421,1.367244,1.338251,0.978794,BAL
2025-10-28T21:51:46,109.984,none,102,4793,4800,4793,4800,140.0,140.0,0.0,0.604025,0.055572,0.500000,0.0,2.642,WARN,20.5175,34.5295,0.10,0,220.080000,294.306667,1.337271,1.805592,1.251503,0.693126,R↓
2025-10-28T21:51:47,110.703,none,103,4828,4835,4826,4833,140.0,140.0,0.0,0.772519,0.427420,0.500000,40.0,2.642,WARN,20.5175,34.5295,0.10,0,195.128000,396.656000,2.032799,1.600879,1.686730,1.053627,BAL
2025-10-28T21:51:48,111.359,none,104,4861,4868,4859,4866,140.0,140.0,0.0,0.365298,0.360421,0.553281,40.0,2.256,WARN,20.5175,34.5295,0.10,0,192.925333,380.234667,1.970890,1.582808,1.616901,1.021539,BAL
2025-10-28T21:51:48,112.031,none,105,4894,4901,4893,4900,140.0,140.0,0.0,0.114568,0.163325,0.986649,20.0,0.051,OK,20.5175,34.5295,0.10,0,228.245333,386.178667,1.691946,1.872582,1.642177,0.876958,BAL
2025-10-28T21:51:49,112.750,none,106,4929,4936,4927,4934,140.0,140.0,0.0,0.067280,0.122372,0.986649,40.0,0.051,OK,20.5175,34.5295,0.10,0,222.554667,375.544000,1.687424,1.825895,1.596954,0.874615,BAL
2025-10-28T21:51:50,113.406,none,107,4962,4969,4961,4968,140.0,140.0,0.0,0.101599,0.080010,0.986649,20.0,0.051,OK,20.5175,34.5295,0.10,0,202.224000,323.762667,1.601010,1.659097,1.376760,0.829825,BAL
2025-10-28T21:51:51,114.062,none,108,4995,5002,4994,5001,140.0,140.0,0.0,0.187446,0.229969,1.226859,20.0,0.779,OK,20.5175,34.5295,0.10,0,232.821333,289.877333,1.245063,1.910125,1.232667,0.645333,R↓
2025-10-28T21:51:51,114.781,none,109,5033,5040,5028,5035,140.0,140.0,0.0,1.367816,0.488803,1.226859,100.0,3.179,HIGH,20.5175,34.5295,0.10,0,118.400000,396.533333,3.349099,0.971384,1.686209,1.735883,L↓
2025-10-28T21:51:52,115.390,none,110,5063,5070,5063,5070,140.0,140.0,0.0,0.439045,0.308423,0.787509,0.0,0.910,OK,20.5175,34.5295,0.10,0,225.522667,326.357333,1.447115,1.850245,1.387794,0.750060,R↓
2025-10-28T21:51:53,116.109,none,111,5099,5106,5097,5104,140.0,140.0,0.0,0.071284,0.052349,0.734368,40.0,1.177,OK,20.5175,34.5295,0.10,0,240.160000,353.189333,1.470642,1.970333,1.501894,0.762254,R↓
2025-10-28T21:51:53,116.828,none,112,5134,5141,5133,5140,140.0,140.0,0.0,0.143870,0.174613,0.734368,20.0,1.177,OK,20.5175,34.5295,0.10,0,269.698667,324.082667,1.201647,2.212676,1.378121,0.622830,R↓
2025-10-28T21:51:54,117.484,none,113,5167,5174,5166,5173,140.0,140.0,0.0,0.144228,0.392161,0.734368,20.0,1.177,OK,20.5175,34.5295,0.10,0,332.120000,273.194667,0.822578,2.724797,1.161726,0.426353,R↓
2025-10-28T21:51:55,118.875,none,114,5235,5242,5232,5239,140.0,140.0,0.0,1.077296,0.113595,0.734368,60.0,1.977,WARN,20.5175,34.5295,0.10,0,237.488000,319.202667,1.344079,1.948412,1.357370,0.696654,R↓
2025-10-28T21:51:56,119.468,none,115,5266,5273,5265,5272,140.0,140.0,0.0,1.694163,0.091768,0.734368,20.0,1.177,OK,20.5175,34.5295,0.10,0,224.941333,298.797333,1.328334,1.845476,1.270599,0.688494,R↓
2025-10-28T21:51:58,122.047,pressure_start,116,5394,5401,5393,5400,140.0,140.0,0.0,0.434690,0.230311,0.529827,20.0,2.421,WARN,20.5175,34.5295,0.10,0,313.296000,467.634667,1.492629,2.570360,1.988558,0.773650,BAL
2025-10-28T21:51:59,122.703,pressure_start,117,5427,5434,5425,5432,140.0,140.0,0.0,0.965917,0.254652,0.500000,40.0,2.642,WARN,20.5175,34.5295,0.10,0,279.314667,406.056000,1.453758,2.291568,1.726703,0.753503,R↓
2025-10-28T21:52:00,123.312,pressure_start,118,5457,5464,5457,5464,140.0,140.0,0.0,0.294660,0.202137,0.500000,0.0,2.642,WARN,20.5175,34.5295,0.10,0,234.506667,354.000000,1.509552,1.923952,1.505341,0.782421,BAL
2025-10-28T21:52:00,123.968,pressure_start,119,5491,5498,5489,5496,140.0,140.0,0.0,0.531396,0.303003,0.529827,40.0,2.421,WARN,20.5175,34.5295,0.10,0,241.402667,484.970667,2.008970,1.980529,2.062277,1.041276,BAL
2025-10-28T21:52:01,124.625,pressure_start,120,5521,5528,5523,5530,140.0,140.0,0.0,1.648893,0.055408,0.529827,40.0,2.421,WARN,20.5175,34.5295,0.10,0,237.205333,478.608000,2.017695,1.946093,2.035221,1.045799,BAL
2025-10-28T21:52:02,125.234,pressure_start,121,5555,5562,5555,5562,140.0,140.0,0.0,0.047908,0.430667,0.570202,0.0,2.141,WARN,20.5175,34.5295,0.10,0,211.024000,450.048000,2.132686,1.731294,1.913773,1.105400,BAL
2025-10-28T21:52:03,126.609,pressure_start,122,5622,5629,5623,5630,140.0,140.0,0.0,0.025815,0.214106,0.686001,20.0,1.436,OK,20.5175,34.5295,0.10,0,294.437333,308.896000,1.049106,2.415638,1.313542,0.543766,R↓
2025-10-28T21:52:06,129.359,pressure_start,123,5758,5765,5760,5767,140.0,140.0,0.0,0.163116,0.551124,2.000000,40.0,2.642,WARN,20.5175,34.5295,0.10,0,134.026667,45.085333,0.336391,1.099589,0.191720,0.174356,R↓
2025-10-28T21:52:16,139.859,peak_pressure,124,6287,6294,6282,6289,140.0,140.0,0.0,0.160976,0.119963,2.000000,100.0,5.042,HIGH,20.5175,34.5295,0.10,0,100.786667,39.512000,0.392036,0.826879,0.168020,0.203198,R↓
2025-10-28T21:52:24,147.187,peak_pressure,125,6653,6660,6649,6656,140.0,140.0,0.0,0.231746,0.454224,2.000000,80.0,4.242,HIGH,20.5175,34.5295,0.10,0,141.021333,206.250667,1.462549,1.156975,0.877055,0.758059,R↓
2025-10-28T21:52:53,176.593,peak_pressure,126,8125,8130,8119,8125,100.0,120.0,20.0,0.051527,0.276442,2.000000,100.0,5.042,HIGH,20.5175,34.5295,0.10,0,457.330667,757.032000,1.655327,3.752057,3.219184,0.857979,BAL
2025-10-28T21:53:07,190.687,peak_release,127,8826,8833,8823,8830,140.0,140.0,0.0,0.039140,0.722885,2.000000,60.0,3.442,HIGH,20.5175,34.5295,0.10,0,46.197333,43.901333,0.950300,0.379015,0.186685,0.492553,R↓
2025-10-28T21:53:13,196.797,peak_release,128,9127,9134,9132,9139,140.0,140.0,0.0,0.044207,0.057187,1.960007,100.0,4.965,HIGH,20.5175,34.5295,0.10,0,78.701333,112.789333,1.433131,0.645686,0.479623,0.742811,R↓
2025-10-28T21:53:14,197.406,peak_release,129,9157,9164,9162,9169,140.0,140.0,0.0,0.061950,0.167148,2.000000,100.0,5.042,HIGH,20.5175,34.5295,0.10,0,90.805333,151.562667,1.669094,0.744990,0.644501,0.865114,BAL
2025-10-28T21:53:14,198.000,peak_release,130,9191,9198,9192,9199,140.0,140.0,0.0,0.059624,0.487434,2.000000,20.0,2.642,WARN,20.5175,34.5295,0.10,0,104.029333,237.146667,2.279613,0.853483,1.008437,1.181555,BAL
2025-10-28T21:53:15,198.609,peak_release,131,9221,9228,9224,9231,140.0,140.0,0.0,0.146512,0.404529,2.000000,60.0,3.442,HIGH,20.5175,34.5295,0.10,0,102.909333,229.645333,2.231531,0.844294,0.976538,1.156633,BAL
2025-10-28T21:53:18,201.125,peak_release,132,9347,9354,9348,9355,140.0,140.0,0.0,0.599540,0.130688,2.000000,20.0,2.642,WARN,20.5175,34.5295,0.10,0,82.125333,288.410667,3.511836,0.673777,1.226430,1.820232,L↓
2025-10-28T21:53:18,201.781,peak_release,133,9379,9386,9381,9388,140.0,140.0,0.0,0.411688,0.115998,2.000000,40.0,2.642,WARN,20.5175,34.5295,0.10,0,247.192000,292.600000,1.183695,2.028026,1.244245,0.613525,R↓
2025-10-28T21:53:20,203.937,pressure_end,134,9489,9496,9489,9496,140.0,140.0,0.0,0.039123,0.471095,2.000000,0.0,2.642,WARN,20.5175,34.5295,0.10,0,199.869333,369.042667,1.846420,1.639779,1.569308,0.957024,BAL
2025-10-28T21:53:23,206.172,pressure_end,135,9600,9607,9602,9609,140.0,140.0,0.0,1.013925,1.164285,1.148295,40.0,0.527,OK,20.5175,34.5295,0.10,0,153.834667,347.589333,2.259499,1.262099,1.478080,1.171129,BAL
2025-10-28T21:53:23,206.937,pressure_end,136,9639,9646,9639,9646,140.0,140.0,0.0,0.894833,0.936479,1.046541,0.0,0.173,OK,20.5175,34.5295,0.10,0,88.885333,383.040000,4.309372,0.729238,1.628830,2.233606,L↓
2025-10-28T21:53:26,209.109,pressure_end,137,9749,9756,9749,9756,140.0,140.0,0.0,0.316675,0.369050,1.148295,0.0,0.527,OK,20.5175,34.5295,0.10,0,85.536000,256.989333,3.004458,0.701759,1.092815,1.557251,L↓
2025-10-28T21:53:26,209.828,pressure_end,138,9780,9787,9783,9790,140.0,140.0,0.0,0.077239,0.251521,1.165391,60.0,1.383,OK,20.5175,34.5295,0.10,0,123.714667,410.330667,3.316750,1.014986,1.744880,1.719117,L↓
2025-10-28T21:53:28,211.265,pressure_end,139,9855,9862,9853,9860,140.0,140.0,0.0,0.490011,0.169117,1.148295,40.0,0.527,OK,20.5175,34.5295,0.10,0,42.506667,392.456000,9.232811,0.348735,1.668870,4.785491,L↓
2025-10-28T21:53:28,211.875,pressure_end,140,9885,9892,9886,9893,140.0,140.0,0.0,0.116589,0.399694,1.165391,20.0,0.583,OK,20.5175,34.5295,0.10,0,132.672000,381.800000,2.877774,1.088475,1.623557,1.491589,L↓
2025-10-28T21:53:29,212.547,pressure_end,141,9919,9926,9920,9927,140.0,140.0,0.0,0.303473,0.338703,1.165391,20.0,0.583,OK,20.5175,34.5295,0.10,0,136.597333,397.872000,2.912736,1.120679,1.691901,1.509711,L↓
2025-10-28T21:53:31,214.500,pressure_end,142,10014,10021,10017,10024,140.0,140.0,0.0,0.320581,0.526701,1.642958,60.0,2.692,WARN,20.5175,34.5295,0.10,0,202.040000,369.173333,1.827229,1.657587,1.569864,0.947078,BAL
2025-10-28T21:53:31,215.047,pressure_end,143,10046,10053,10046,10053,140.0,140.0,0.0,0.193627,0.759128,1.642958,0.0,1.892,WARN,20.5175,34.5295,0.10,0,135.584000,414.253333,3.055326,1.112365,1.761561,1.583617,L↓
2025-10-28T21:53:32,215.765,pressure_end,144,10080,10087,10077,10084,140.0,140.0,0.0,0.314195,0.197494,1.642958,60.0,2.692,WARN,20.5175,34.5295,0.10,0,98.458667,439.736000,4.466199,0.807780,1.869923,2.314892,L↓
2025-10-28T21:53:33,216.312,pressure_end,145,10108,10115,10109,10116,140.0,140.0,0.0,1.063517,0.174298,1.116090,20.0,0.419,OK,20.5175,34.5295,0.10,0,133.701333,494.224000,3.696478,1.096920,2.101626,1.915935,L↓
2025-10-28T21:53:33,216.968,pressure_end,146,10141,10148,10141,10148,140.0,140.0,0.0,0.050152,0.206965,1.642958,0.0,1.892,WARN,20.5175,34.5295,0.10,0,114.237333,609.128000,5.332127,0.937232,2.590241,2.763714,L↓
2025-10-28T21:53:35,218.468,pressure_end,147,10215,10222,10213,10220,140.0,140.0,0.0,0.090039,0.290417,2.000000,40.0,2.642,WARN,20.5175,34.5295,0.10,0,96.765333,496.669333,5.132720,0.793887,2.112025,2.660358,L↓
2025-10-28T21:53:36,219.609,pressure_end,148,10272,10279,10269,10276,140.0,140.0,0.0,2.356736,1.842091,0.781628,60.0,1.739,WARN,20.5175,34.5295,0.10,0,3136.818667,3270.602667,1.042650,25.735254,13.907831,0.540419,R↓
